68 151

-- countries

INSERT INTO Country (country_id, country_name)
VALUES 
	(0, ''),
	(1, 'GB'),
	(2, 'IE'),
	(3, 'FR'),
	(4, 'AU'),
	(5, 'NL'),
	(6, 'US');



-- routes

INSERT INTO Route (route_id, route_description)
VALUES 
	(0, '048'),
	(1, '065'),
	(2, 'RESPIRATORY (INHALATION)'),
	(3, 'RECTAL'),
	(4, 'INTRAMUSCULAR'),
	(5, 'INTRAVITREAL'),
	(6, ''),
	(7, '045'),
	(8, 'ORAL'),
	(9, 'INTRAVENOUS'),
	(10, 'SUBCUTANEOUS'),
	(11, 'NASAL'),
	(12, '055'),
	(13, '058'),
	(14, '042');



-- manufacturers

INSERT INTO Manufacturer (manufacturer_id, manufacturer_name)
VALUES 
	(0, 'Fresenius Kabi USA, LLC'),
	(1, 'Pharmaceutical Associates, Inc.'),
	(2, 'Vertex Pharmaceuticals Incorporated'),
	(3, 'Chiesi USA, Inc.'),
	(4, 'West-ward Pharmaceutical Corp'),
	(5, 'Digestive Care, Inc.'),
	(6, 'Teva Parenteral Medicines, Inc.'),
	(7, 'Merck Sharp & Dohme Corp.'),
	(8, 'Morton Grove Pharmaceuticals, Inc.'),
	(9, 'U.S. Pharmaceuticals'),
	(10, 'sanofi-aventis U.S. LLC'),
	(11, 'Hospira, Inc.'),
	(12, 'Pragma Pharmaceuticals, LLC'),
	(13, 'Mylan Institutional Inc.'),
	(14, 'HARRIS Pharmaceutical, Inc.'),
	(15, 'BluePoint Laboratories'),
	(16, 'Allergan, Inc.'),
	(17, 'Amgen Inc'),
	(18, 'Gilead Sciences, Inc.'),
	(19, 'Hangzhou Minsheng Binjiang Pharmaceutical Co.'),
	(20, 'Pari Respiratory Equipment'),
	(21, 'ANI Pharmaceuticals, Inc.'),
	(22, 'Bristol-Myers Squibb/Sanofi Pharmaceuticals P'),
	(23, 'Eli Lilly and Company'),
	(24, 'Teva Respiratory, LLC'),
	(25, 'Genentech, Inc.'),
	(26, 'Allergan'),
	(27, 'Valeant Pharmaceuticals North America LLC'),
	(28, 'AstraZeneca Pharmaceuticals LP'),
	(29, 'Amneal Pharmaceuticals of New York, LLC'),
	(30, 'AbbVie Inc.'),
	(31, 'Janssen Pharmaceuticals, Inc.'),
	(32, 'Strides Shasun Limited'),
	(33, 'Novo Nordisk'),
	(34, 'Celgene Corporation'),
	(35, 'Sanofi-Aventis U.S. LLC'),
	(36, 'Bristol-Myers Squibb Pharma Company'),
	(37, 'G&W Laboratories, Inc.'),
	(38, 'Breckenridge Pharmaceutical, Inc.'),
	(39, 'Pfizer Laboratories Div Pfizer Inc'),
	(40, 'APP Pharmaceuticals, LLC'),
	(41, 'Deseret Biologicals, Inc.'),
	(42, 'Amneal Pharmaceuticals'),
	(43, 'Novartis Pharmaceuticals Corporation'),
	(44, 'GlaxoSmithKline LLC'),
	(45, 'Sandoz Inc'),
	(46, 'Sun Pharmaceutical Industries, Inc'),
	(47, 'Regeneron Pharmaceuticals, Inc.'),
	(48, 'Akorn, Inc.'),
	(49, 'Teligent Pharma, Inc.');



-- classes

INSERT INTO Class (class_id, class_name, class_type)
VALUES 
	(0, 'Cytochrome P450 2C19 Inhibitors', 'moa'),
	(1, 'RANK Ligand Blocking Activity', 'moa'),
	(2, 'Corticosteroid Hormone Receptor Agonists', 'moa'),
	(3, 'Chloride Channel Activation Potentiators', 'moa'),
	(4, 'Cytochrome P450 3A Inhibitors', 'moa'),
	(5, 'Cytochrome P450 3A4 Inducers', 'moa'),
	(6, 'Cytochrome P450 2C8 Inhibitors', 'moa'),
	(7, 'Organic Cation Transporter 2 Inhibitors', 'moa'),
	(8, 'P-Glycoprotein Inhibitors', 'moa'),
	(9, 'Acidifying Activity', 'moa'),
	(10, 'Dihydrofolate Reductase Inhibitors', 'moa'),
	(11, 'Cytochrome P450 2C9 Inhibitors', 'moa'),
	(12, 'Osmotic Activity', 'moa'),
	(13, 'Vascular Endothelial Growth Factor Inhibitors', 'moa'),
	(14, 'Cytochrome P450 3A4 Inhibitors', 'moa'),
	(15, 'Increased Gluconeogenesis', 'pe'),
	(16, 'Increased Glycogenolysis', 'pe'),
	(17, 'Decreased Central Nervous System Disorganized Electrical Activity', 'pe'),
	(18, 'Decreased Respiratory Secretion Viscosity', 'pe'),
	(19, 'Decreased GI Motility', 'pe'),
	(20, 'Decreased GI Smooth Muscle Tone', 'pe'),
	(21, 'Decreased Glycolysis', 'pe'),
	(22, 'Stimulation Large Intestine Fluid/Electrolyte Secretion', 'pe'),
	(23, 'Reversed Anticoagulation Activity', 'pe'),
	(24, 'Increased Prothrombin Activity', 'pe'),
	(25, 'Aminoglycosides', 'cs'),
	(26, 'Ergocalciferols', 'cs'),
	(27, 'Cephalosporins', 'cs'),
	(28, 'Deoxyribonuclease I', 'cs'),
	(29, 'Recombinant Proteins', 'cs'),
	(30, 'Sulfonamides', 'cs'),
	(31, 'Insulin', 'cs'),
	(32, 'Benzodiazepines', 'cs'),
	(33, 'Vitamin K', 'cs'),
	(34, 'Dihydrofolate Reductase Inhibitor Antibacterial', 'epc'),
	(35, 'Sulfonamide Antimicrobial', 'epc'),
	(36, 'Cystic Fibrosis Transmembrane Conductance Regulator Potentiator', 'epc'),
	(37, 'Provitamin D2 Compound', 'epc'),
	(38, 'Anti-epileptic Agent', 'epc'),
	(39, 'Vitamin K', 'epc'),
	(40, 'Corticosteroid', 'epc'),
	(41, 'Aminoglycoside Antibacterial', 'epc'),
	(42, 'Insulin Analog', 'epc'),
	(43, 'Benzodiazepine', 'epc'),
	(44, 'Warfarin Reversal Agent', 'epc'),
	(45, 'Antihypoglycemic Agent', 'epc'),
	(46, 'Cephalosporin Antibacterial', 'epc'),
	(47, 'Vascular Endothelial Growth Factor Inhibitor', 'epc'),
	(48, 'Gastrointestinal Motility Inhibitor', 'epc'),
	(49, 'Osmotic Laxative', 'epc'),
	(50, 'RANK Ligand Inhibitor', 'epc'),
	(51, 'Recombinant Human Deoxyribonuclease 1', 'epc');



-- drugs

INSERT INTO Drug (drug_splset_id)
VALUES 
	('00c486b0-bd7b-4898-834d-8c656e5e73cb'),
	('01b14603-8f29-4fa3-8d7e-9d523f802e0b'),
	('073201aa-556d-4a70-918e-84e9616fd88d'),
	('0ab0c9f8-3eee-4e0f-9f3f-c1e16aaffe25'),
	('116464ce-cfd8-4b9f-8b5a-3a114b6ff2b1'),
	('13bb8267-1cab-43e5-acae-55a4d957630a'),
	('167c6ad9-1a71-4661-9087-3bca19d075fe'),
	('1cd3d47b-025f-4705-9daf-cf07725ec223'),
	('21628112-0c47-11df-95b3-498d55d89593'),
	('2a2eee86-273e-4718-8f78-34f15e193040'),
	('2bfd2bd5-d044-4363-9dde-f63182fa2eea'),
	('2c4c0a36-12cf-444d-9d57-de983eef4d36'),
	('2f7d4d67-10c1-4bf4-a7f2-c185fbad64ba'),
	('313ccc9f-7b3e-4e42-b5d8-0e27c3c72d8e'),
	('3a1e73a2-3009-40d0-876c-b4cb2be56fc5'),
	('3acf6751-827d-11e2-9e96-0800200c9a66'),
	('3bac8a9b-f6c5-47df-a593-ece41b53f09b'),
	('442a09ee-e7de-4d53-a32e-07c7530cdede'),
	('45cc673a-e125-4d76-8013-89a089eb0ae9'),
	('481eec00-9abf-11dd-b71c-0002a5d5c51b'),
	('49e5afe9-a0c7-40c4-af9f-f287a80c5c88'),
	('4c55ccfb-c4cf-11df-851a-0800200c9a66'),
	('4c5c86c8-ab7f-4fcf-bc1b-5a0b1fd0691b'),
	('4eeb5f6a-593f-4a9e-9692-adefa2caf8fc'),
	('542f22e8-dad2-47a8-93b6-30936715d73b'),
	('5500be0f-8b29-450c-9857-755029965157'),
	('556265b0-8757-11de-8a39-0800200c9a66'),
	('5be7bb0a-dddb-4cb4-bf89-a8fafb726c83'),
	('5fb3c464-ab1a-4e2f-ba7a-9aa59b94ca00'),
	('65356126-cb6b-4652-8455-a58dd8f274b3'),
	('66a6da21-7cd7-4932-86e0-0614f2ec1a93'),
	('67300ca3-8c53-4ce4-8e86-2c03be1f9b8a'),
	('6ec3129b-c53b-4bdb-913d-a2d0060fa140'),
	('7c692ed5-959e-4c48-aeec-0799d8979693'),
	('7e2644e6-36c5-4988-8e52-bec90e2cd2f0'),
	('8c166755-7711-4df9-d689-8836a1a70885'),
	('8d24bacb-feff-4c6a-b8df-625e1435387a'),
	('8e701d71-1dcb-4b84-bada-84e4f04f5e62'),
	('94f9e516-6bf6-4e30-8dde-8833c25c2560'),
	('950ba94e-a7af-4034-943f-e0df5679d998'),
	('a1b077e6-b070-43f2-a98e-380cc635419d'),
	('a24fd39c-34a7-4de2-9439-781e612189ca'),
	('ac8a0f7b-9f69-4495-abbc-3a47cd75a859'),
	('afb16e94-03bf-4ea2-b2fe-e65f274e55a9'),
	('b49ed7c1-123e-4b1d-fea6-0c6839fd9d6a'),
	('c1b12354-9409-4e76-bcdc-024c190d6583'),
	('c9561d96-124d-48ca-982f-0aa1575bff36'),
	('cc739885-e10e-4bcb-a781-c726c518f3d1'),
	('ce1a4b9d-3127-4416-8bf2-fee5899fc0ba'),
	('d38d65c1-25bf-401d-9c7e-a2c3222da8af'),
	('d5e07a0c-7e14-4756-9152-9fea485d654a'),
	('d85c7e20-4e1d-43cd-a64b-ced3bda70eed'),
	('d8c78a7e-ff99-48f3-8952-643ec2ea0f86'),
	('d91934a0-902e-c26c-23ca-d5accc4151b6'),
	('d92c5d6b-ff10-4087-36a2-1cfc464cb967'),
	('da1e5afd-d707-4af1-8935-8195ba6d769f'),
	('de55c133-eb08-4a35-91a2-5dc093027397'),
	('dfaca6f9-3277-47b2-319d-1377917cb54c'),
	('e1431edd-0fc5-4ebc-8c10-53deb0db0d23'),
	('e3b94a78-0d41-4618-aca5-b1770f945559'),
	('e8808230-2c44-44c6-8cab-8f29b6b34051'),
	('f0f5a107-1236-8e1a-815d-dec8007c2bc9'),
	('f14ea537-dd5c-4c78-9037-9a85e9e610ef'),
	('f59d0c04-9c66-4d53-a0e1-cb55570deb62'),
	('f85a48d0-0407-4c50-b0fa-7673a160bf01'),
	('f96236b4-b357-4426-ab70-f3bf99388366'),
	('f96cfd69-da34-41ee-90a9-610a4655cd1c'),
	('fafa4cf1-99c2-43d5-73ad-51f256de3be0');



-- drugNames

INSERT INTO DrugName (drug_name_id, drug_name_splset_id, drug_name_name, drug_name_cutoff, drug_name_type)
VALUES 
	(0, '00c486b0-bd7b-4898-834d-8c656e5e73cb', 'Lupron Depot', 0, 'Brand'),
	(1, '00c486b0-bd7b-4898-834d-8c656e5e73cb', 'LEUPROLIDE ACETATE', 0, 'Generic'),
	(2, '01b14603-8f29-4fa3-8d7e-9d523f802e0b', 'Plavix', 0, 'Brand'),
	(3, '01b14603-8f29-4fa3-8d7e-9d523f802e0b', 'CLOPIDOGREL BISULFATE', 0, 'Generic'),
	(4, '01b14603-8f29-4fa3-8d7e-9d523f802e0b', 'CLOPIDOGREL BISULFATE', 0, 'Substance'),
	(5, '073201aa-556d-4a70-918e-84e9616fd88d', 'Creon', 0, 'Brand'),
	(6, '073201aa-556d-4a70-918e-84e9616fd88d', 'PANCRELIPASE', 0, 'Generic'),
	(7, '073201aa-556d-4a70-918e-84e9616fd88d', 'PANCRELIPASE LIPASE', 0, 'Substance'),
	(8, '073201aa-556d-4a70-918e-84e9616fd88d', 'PANCRELIPASE AMYLASE', 0, 'Substance'),
	(9, '073201aa-556d-4a70-918e-84e9616fd88d', 'PANCRELIPASE PROTEASE', 0, 'Substance'),
	(10, '0ab0c9f8-3eee-4e0f-9f3f-c1e16aaffe25', 'Kalydeco', 0, 'Brand'),
	(11, '0ab0c9f8-3eee-4e0f-9f3f-c1e16aaffe25', 'IVACAFTOR', 0, 'Generic'),
	(12, '0ab0c9f8-3eee-4e0f-9f3f-c1e16aaffe25', 'IVACAFTOR', 0, 'Substance'),
	(13, '116464ce-cfd8-4b9f-8b5a-3a114b6ff2b1', 'Dulera', 0, 'Brand'),
	(14, '116464ce-cfd8-4b9f-8b5a-3a114b6ff2b1', 'MOMETASONE FUROATE AND FORMOTEROL FUMARATE DIHYDRATE', 0, 'Generic'),
	(15, '116464ce-cfd8-4b9f-8b5a-3a114b6ff2b1', 'FORMOTEROL FUMARATE', 0, 'Substance'),
	(16, '116464ce-cfd8-4b9f-8b5a-3a114b6ff2b1', 'MOMETASONE FUROATE', 0, 'Substance'),
	(17, '13bb8267-1cab-43e5-acae-55a4d957630a', 'Lexapro', 0, 'Brand'),
	(18, '13bb8267-1cab-43e5-acae-55a4d957630a', 'ESCITALOPRAM OXALATE', 0, 'Generic'),
	(19, '13bb8267-1cab-43e5-acae-55a4d957630a', 'ESCITALOPRAM OXALATE', 0, 'Substance'),
	(20, '167c6ad9-1a71-4661-9087-3bca19d075fe', 'Glucagon', 0, 'Brand'),
	(21, '167c6ad9-1a71-4661-9087-3bca19d075fe', 'GLUCAGON', 0, 'Generic'),
	(22, '167c6ad9-1a71-4661-9087-3bca19d075fe', 'GLUCAGON', 0, 'Substance'),
	(23, '1cd3d47b-025f-4705-9daf-cf07725ec223', 'BETHKIS', 0, 'Brand'),
	(24, '1cd3d47b-025f-4705-9daf-cf07725ec223', 'TOBRAMYCIN', 0, 'Generic'),
	(25, '1cd3d47b-025f-4705-9daf-cf07725ec223', 'TOBRAMYCIN', 0, 'Substance'),
	(26, '21628112-0c47-11df-95b3-498d55d89593', 'Topamax', 0, 'Brand'),
	(27, '21628112-0c47-11df-95b3-498d55d89593', 'TOPIRAMATE', 0, 'Generic'),
	(28, '21628112-0c47-11df-95b3-498d55d89593', 'TOPIRAMATE', 0, 'Substance'),
	(29, '2a2eee86-273e-4718-8f78-34f15e193040', 'Generlac', 0, 'Brand'),
	(30, '2a2eee86-273e-4718-8f78-34f15e193040', 'LACTULOSE', 0, 'Generic'),
	(31, '2a2eee86-273e-4718-8f78-34f15e193040', 'LACTULOSE', 0, 'Substance'),
	(32, '2bfd2bd5-d044-4363-9dde-f63182fa2eea', 'KEFLEX', 0, 'Brand'),
	(33, '2bfd2bd5-d044-4363-9dde-f63182fa2eea', 'CEPHALEXIN', 0, 'Generic'),
	(34, '2bfd2bd5-d044-4363-9dde-f63182fa2eea', 'CEPHALEXIN', 0, 'Substance'),
	(35, '2c4c0a36-12cf-444d-9d57-de983eef4d36', 'VITAMIN D', 0, 'Brand'),
	(36, '2c4c0a36-12cf-444d-9d57-de983eef4d36', 'ERGOCALCIFEROL', 0, 'Generic'),
	(37, '2c4c0a36-12cf-444d-9d57-de983eef4d36', 'ERGOCALCIFEROL', 0, 'Substance'),
	(38, '2f7d4d67-10c1-4bf4-a7f2-c185fbad64ba', 'Cymbalta', 0, 'Brand'),
	(39, '2f7d4d67-10c1-4bf4-a7f2-c185fbad64ba', 'DULOXETINE HYDROCHLORIDE', 0, 'Generic'),
	(40, '2f7d4d67-10c1-4bf4-a7f2-c185fbad64ba', 'DULOXETINE HYDROCHLORIDE', 0, 'Substance'),
	(41, '313ccc9f-7b3e-4e42-b5d8-0e27c3c72d8e', 'Zolpidem', 0, 'Brand'),
	(42, '313ccc9f-7b3e-4e42-b5d8-0e27c3c72d8e', 'ZOLPIDEM TARTRATE', 0, 'Generic'),
	(43, '313ccc9f-7b3e-4e42-b5d8-0e27c3c72d8e', 'ZOLPIDEM TARTRATE', 0, 'Substance'),
	(44, '3a1e73a2-3009-40d0-876c-b4cb2be56fc5', 'NOVOLOG', 0, 'Brand'),
	(45, '3a1e73a2-3009-40d0-876c-b4cb2be56fc5', 'INSULIN ASPART', 0, 'Generic'),
	(46, '3a1e73a2-3009-40d0-876c-b4cb2be56fc5', 'INSULIN ASPART', 0, 'Substance'),
	(47, '3acf6751-827d-11e2-9e96-0800200c9a66', 'OTEZLA', 0, 'Brand'),
	(48, '3acf6751-827d-11e2-9e96-0800200c9a66', 'APREMILAST', 0, 'Generic'),
	(49, '3bac8a9b-f6c5-47df-a593-ece41b53f09b', 'QVAR', 0, 'Brand'),
	(50, '3bac8a9b-f6c5-47df-a593-ece41b53f09b', 'BECLOMETHASONE DIPROPIONATE', 0, 'Generic'),
	(51, '3bac8a9b-f6c5-47df-a593-ece41b53f09b', 'BECLOMETHASONE DIPROPIONATE', 0, 'Substance'),
	(52, '442a09ee-e7de-4d53-a32e-07c7530cdede', 'Viagra', 0, 'Brand'),
	(53, '442a09ee-e7de-4d53-a32e-07c7530cdede', 'SILDENAFIL CITRATE', 0, 'Generic'),
	(54, '442a09ee-e7de-4d53-a32e-07c7530cdede', 'SILDENAFIL CITRATE', 0, 'Substance'),
	(55, '45cc673a-e125-4d76-8013-89a089eb0ae9', 'Metformin Hydrochloride', 0, 'Brand'),
	(56, '45cc673a-e125-4d76-8013-89a089eb0ae9', 'METFORMIN', 0, 'Generic'),
	(57, '45cc673a-e125-4d76-8013-89a089eb0ae9', 'METFORMIN HYDROCHLORIDE', 0, 'Substance'),
	(58, '481eec00-9abf-11dd-b71c-0002a5d5c51b', 'PERTZYE', 0, 'Brand'),
	(59, '481eec00-9abf-11dd-b71c-0002a5d5c51b', 'PANCRELIPASE', 0, 'Generic'),
	(60, '481eec00-9abf-11dd-b71c-0002a5d5c51b', 'PANCRELIPASE LIPASE', 0, 'Substance'),
	(61, '481eec00-9abf-11dd-b71c-0002a5d5c51b', 'PANCRELIPASE AMYLASE', 0, 'Substance'),
	(62, '481eec00-9abf-11dd-b71c-0002a5d5c51b', 'PANCRELIPASE PROTEASE', 0, 'Substance'),
	(63, '49e5afe9-a0c7-40c4-af9f-f287a80c5c88', 'Prolia', 0, 'Brand'),
	(64, '49e5afe9-a0c7-40c4-af9f-f287a80c5c88', 'DENOSUMAB', 0, 'Generic'),
	(65, '49e5afe9-a0c7-40c4-af9f-f287a80c5c88', 'DENOSUMAB', 0, 'Substance'),
	(66, '4c55ccfb-c4cf-11df-851a-0800200c9a66', 'VIIBRYD', 0, 'Brand'),
	(67, '4c55ccfb-c4cf-11df-851a-0800200c9a66', 'VILAZODONE HYDROCHLORIDE', 0, 'Generic'),
	(68, '4c5c86c8-ab7f-4fcf-bc1b-5a0b1fd0691b', 'Trileptal', 0, 'Brand'),
	(69, '4c5c86c8-ab7f-4fcf-bc1b-5a0b1fd0691b', 'OXCARBAZEPINE', 0, 'Generic'),
	(70, '4c5c86c8-ab7f-4fcf-bc1b-5a0b1fd0691b', 'OXCARBAZEPINE', 0, 'Substance'),
	(71, '4eeb5f6a-593f-4a9e-9692-adefa2caf8fc', 'ADVAIR DISKUS', 0, 'Brand'),
	(72, '4eeb5f6a-593f-4a9e-9692-adefa2caf8fc', 'FLUTICASONE PROPIONATE AND SALMETEROL', 0, 'Generic'),
	(73, '4eeb5f6a-593f-4a9e-9692-adefa2caf8fc', 'SALMETEROL XINAFOATE', 0, 'Substance'),
	(74, '4eeb5f6a-593f-4a9e-9692-adefa2caf8fc', 'FLUTICASONE PROPIONATE', 0, 'Substance'),
	(75, '542f22e8-dad2-47a8-93b6-30936715d73b', 'Klonopin', 0, 'Brand'),
	(76, '542f22e8-dad2-47a8-93b6-30936715d73b', 'CLONAZEPAM', 0, 'Generic'),
	(77, '542f22e8-dad2-47a8-93b6-30936715d73b', 'CLONAZEPAM', 0, 'Substance'),
	(78, '5500be0f-8b29-450c-9857-755029965157', 'Boniva', 0, 'Brand'),
	(79, '5500be0f-8b29-450c-9857-755029965157', 'IBANDRONATE SODIUM', 0, 'Generic'),
	(80, '5500be0f-8b29-450c-9857-755029965157', 'IBANDRONATE SODIUM', 0, 'Substance'),
	(81, '556265b0-8757-11de-8a39-0800200c9a66', 'ZENPEP', 0, 'Brand'),
	(82, '556265b0-8757-11de-8a39-0800200c9a66', 'PANCRELIPASE', 0, 'Generic'),
	(83, '556265b0-8757-11de-8a39-0800200c9a66', 'PANCRELIPASE LIPASE', 0, 'Substance'),
	(84, '556265b0-8757-11de-8a39-0800200c9a66', 'PANCRELIPASE PROTEASE', 0, 'Substance'),
	(85, '556265b0-8757-11de-8a39-0800200c9a66', 'PANCRELIPASE AMYLASE', 0, 'Substance'),
	(86, '5be7bb0a-dddb-4cb4-bf89-a8fafb726c83', 'Mephyton', 0, 'Brand'),
	(87, '5be7bb0a-dddb-4cb4-bf89-a8fafb726c83', 'PHYTONADIONE', 0, 'Generic'),
	(88, '5be7bb0a-dddb-4cb4-bf89-a8fafb726c83', 'PHYTONADIONE', 0, 'Substance'),
	(89, '5fb3c464-ab1a-4e2f-ba7a-9aa59b94ca00', 'Cefdinir', 0, 'Brand'),
	(90, '5fb3c464-ab1a-4e2f-ba7a-9aa59b94ca00', 'CEFDINIR', 0, 'Generic'),
	(91, '5fb3c464-ab1a-4e2f-ba7a-9aa59b94ca00', 'CEFDINIR', 0, 'Substance'),
	(92, '65356126-cb6b-4652-8455-a58dd8f274b3', 'Folic Acid', 0, 'Brand'),
	(93, '65356126-cb6b-4652-8455-a58dd8f274b3', 'FOLIC ACID', 0, 'Generic'),
	(94, '65356126-cb6b-4652-8455-a58dd8f274b3', 'FOLIC ACID', 0, 'Substance'),
	(95, '66a6da21-7cd7-4932-86e0-0614f2ec1a93', 'Vancomycin Hydrochloride', 0, 'Brand'),
	(96, '66a6da21-7cd7-4932-86e0-0614f2ec1a93', 'VANCOMYCIN', 0, 'Generic'),
	(97, '66a6da21-7cd7-4932-86e0-0614f2ec1a93', 'VANCOMYCIN HYDROCHLORIDE', 0, 'Substance'),
	(98, '67300ca3-8c53-4ce4-8e86-2c03be1f9b8a', 'Cayston', 0, 'Brand'),
	(99, '67300ca3-8c53-4ce4-8e86-2c03be1f9b8a', 'AZTREONAM', 0, 'Generic'),
	(100, '6ec3129b-c53b-4bdb-913d-a2d0060fa140', 'Amikacin Sulfate', 0, 'Brand'),
	(101, '6ec3129b-c53b-4bdb-913d-a2d0060fa140', 'AMIKACIN SULFATE', 0, 'Generic'),
	(102, '6ec3129b-c53b-4bdb-913d-a2d0060fa140', 'AMIKACIN SULFATE', 0, 'Substance'),
	(103, '7c692ed5-959e-4c48-aeec-0799d8979693', 'Fluticasone', 0, 'Brand'),
	(104, '7c692ed5-959e-4c48-aeec-0799d8979693', 'FLUTICASONE PROPIONATE', 0, 'Generic'),
	(105, '7c692ed5-959e-4c48-aeec-0799d8979693', 'FLUTICASONE PROPIONATE', 0, 'Substance'),
	(106, '7e2644e6-36c5-4988-8e52-bec90e2cd2f0', 'Xopenex', 0, 'Brand'),
	(107, '7e2644e6-36c5-4988-8e52-bec90e2cd2f0', 'LEVALBUTEROL HYDROCHLORIDE', 0, 'Generic'),
	(108, '7e2644e6-36c5-4988-8e52-bec90e2cd2f0', 'LEVALBUTEROL HYDROCHLORIDE', 0, 'Substance'),
	(109, '8c166755-7711-4df9-d689-8836a1a70885', 'SINGULAIR', 0, 'Brand'),
	(110, '8c166755-7711-4df9-d689-8836a1a70885', 'MONTELUKAST SODIUM', 0, 'Generic'),
	(111, '8c166755-7711-4df9-d689-8836a1a70885', 'MONTELUKAST SODIUM', 0, 'Substance'),
	(112, '8d24bacb-feff-4c6a-b8df-625e1435387a', 'Zithromax', 0, 'Brand'),
	(113, '8d24bacb-feff-4c6a-b8df-625e1435387a', 'AZITHROMYCIN DIHYDRATE', 0, 'Generic'),
	(114, '8d24bacb-feff-4c6a-b8df-625e1435387a', 'AZITHROMYCIN DIHYDRATE', 0, 'Substance'),
	(115, '8e701d71-1dcb-4b84-bada-84e4f04f5e62', 'PROAIR HFA', 0, 'Brand'),
	(116, '8e701d71-1dcb-4b84-bada-84e4f04f5e62', 'ALBUTEROL SULFATE', 0, 'Generic'),
	(117, '8e701d71-1dcb-4b84-bada-84e4f04f5e62', 'ALBUTEROL SULFATE', 0, 'Substance'),
	(118, '94f9e516-6bf6-4e30-8dde-8833c25c2560', 'TOBI', 0, 'Brand'),
	(119, '94f9e516-6bf6-4e30-8dde-8833c25c2560', 'TOBRAMYCIN', 0, 'Generic'),
	(120, '94f9e516-6bf6-4e30-8dde-8833c25c2560', 'TOBRAMYCIN', 0, 'Substance'),
	(121, '950ba94e-a7af-4034-943f-e0df5679d998', 'Hydroxyzine Hydrochloride', 0, 'Brand'),
	(122, '950ba94e-a7af-4034-943f-e0df5679d998', 'HYDROXYZINE', 0, 'Generic'),
	(123, '950ba94e-a7af-4034-943f-e0df5679d998', 'HYDROXYZINE HYDROCHLORIDE', 0, 'Substance'),
	(124, 'a1b077e6-b070-43f2-a98e-380cc635419d', 'PRILOSEC', 0, 'Brand'),
	(125, 'a1b077e6-b070-43f2-a98e-380cc635419d', 'OMEPRAZOLE MAGNESIUM', 0, 'Generic'),
	(126, 'a1b077e6-b070-43f2-a98e-380cc635419d', 'OMEPRAZOLE MAGNESIUM', 0, 'Substance'),
	(127, 'a24fd39c-34a7-4de2-9439-781e612189ca', 'Alendronate', 0, 'Brand'),
	(128, 'a24fd39c-34a7-4de2-9439-781e612189ca', 'ALENDRONATE SODIUM', 0, 'Generic'),
	(129, 'a24fd39c-34a7-4de2-9439-781e612189ca', 'ALENDRONATE SODIUM', 0, 'Substance'),
	(130, 'ac8a0f7b-9f69-4495-abbc-3a47cd75a859', 'XIGDUO XR', 0, 'Brand'),
	(131, 'ac8a0f7b-9f69-4495-abbc-3a47cd75a859', 'DAPAGLIFLOZIN AND METFORMIN HYDROCHLORIDE', 0, 'Generic'),
	(132, 'ac8a0f7b-9f69-4495-abbc-3a47cd75a859', 'DAPAGLIFLOZIN PROPANEDIOL', 0, 'Substance'),
	(133, 'ac8a0f7b-9f69-4495-abbc-3a47cd75a859', 'METFORMIN HYDROCHLORIDE', 0, 'Substance'),
	(134, 'afb16e94-03bf-4ea2-b2fe-e65f274e55a9', 'Promethazine Hydrochloride', 0, 'Brand'),
	(135, 'afb16e94-03bf-4ea2-b2fe-e65f274e55a9', 'PROMETHAZINE', 0, 'Generic'),
	(136, 'afb16e94-03bf-4ea2-b2fe-e65f274e55a9', 'PROMETHAZINE HYDROCHLORIDE', 0, 'Substance'),
	(137, 'b49ed7c1-123e-4b1d-fea6-0c6839fd9d6a', 'FLOVENT HFA', 0, 'Brand'),
	(138, 'b49ed7c1-123e-4b1d-fea6-0c6839fd9d6a', 'FLUTICASONE PROPIONATE', 0, 'Generic'),
	(139, 'b49ed7c1-123e-4b1d-fea6-0c6839fd9d6a', 'FLUTICASONE PROPIONATE', 0, 'Substance'),
	(140, 'c1b12354-9409-4e76-bcdc-024c190d6583', 'ZANTAC', 0, 'Brand'),
	(141, 'c1b12354-9409-4e76-bcdc-024c190d6583', 'RANITIDINE HYDROCHLORIDE', 0, 'Generic'),
	(142, 'c1b12354-9409-4e76-bcdc-024c190d6583', 'RANITIDINE HYDROCHLORIDE', 0, 'Substance'),
	(143, 'c9561d96-124d-48ca-982f-0aa1575bff36', 'TOUJEO', 0, 'Brand'),
	(144, 'c9561d96-124d-48ca-982f-0aa1575bff36', 'INSULIN GLARGINE', 0, 'Generic'),
	(145, 'c9561d96-124d-48ca-982f-0aa1575bff36', 'INSULIN GLARGINE', 0, 'Substance'),
	(146, 'cc739885-e10e-4bcb-a781-c726c518f3d1', 'Metoclopramide', 0, 'Brand'),
	(147, 'cc739885-e10e-4bcb-a781-c726c518f3d1', 'METOCLOPRAMIDE HYDROCHLORIDE', 0, 'Generic'),
	(148, 'cc739885-e10e-4bcb-a781-c726c518f3d1', 'METOCLOPRAMIDE HYDROCHLORIDE', 0, 'Substance'),
	(149, 'ce1a4b9d-3127-4416-8bf2-fee5899fc0ba', 'Lyrica', 0, 'Brand'),
	(150, 'ce1a4b9d-3127-4416-8bf2-fee5899fc0ba', 'PREGABALIN', 0, 'Generic'),
	(151, 'ce1a4b9d-3127-4416-8bf2-fee5899fc0ba', 'PREGABALIN', 0, 'Substance'),
	(152, 'd38d65c1-25bf-401d-9c7e-a2c3222da8af', 'Levemir', 0, 'Brand'),
	(153, 'd38d65c1-25bf-401d-9c7e-a2c3222da8af', 'INSULIN DETEMIR', 0, 'Generic'),
	(154, 'd38d65c1-25bf-401d-9c7e-a2c3222da8af', 'INSULIN DETEMIR', 0, 'Substance'),
	(155, 'd5e07a0c-7e14-4756-9152-9fea485d654a', 'Lantus Solostar', 0, 'Brand'),
	(156, 'd5e07a0c-7e14-4756-9152-9fea485d654a', 'INSULIN GLARGINE', 0, 'Generic'),
	(157, 'd5e07a0c-7e14-4756-9152-9fea485d654a', 'INSULIN GLARGINE', 0, 'Substance'),
	(158, 'd85c7e20-4e1d-43cd-a64b-ced3bda70eed', 'Viokace', 0, 'Brand'),
	(159, 'd85c7e20-4e1d-43cd-a64b-ced3bda70eed', 'PANCRELIPASE', 0, 'Generic'),
	(160, 'd85c7e20-4e1d-43cd-a64b-ced3bda70eed', 'PANCRELIPASE LIPASE', 0, 'Substance'),
	(161, 'd85c7e20-4e1d-43cd-a64b-ced3bda70eed', 'PANCRELIPASE PROTEASE', 0, 'Substance'),
	(162, 'd85c7e20-4e1d-43cd-a64b-ced3bda70eed', 'PANCRELIPASE AMYLASE', 0, 'Substance'),
	(163, 'd8c78a7e-ff99-48f3-8952-643ec2ea0f86', 'Pulmozyme', 0, 'Brand'),
	(164, 'd8c78a7e-ff99-48f3-8952-643ec2ea0f86', 'DORNASE ALFA', 0, 'Generic'),
	(165, 'd8c78a7e-ff99-48f3-8952-643ec2ea0f86', 'DORNASE ALFA', 0, 'Substance'),
	(166, 'd91934a0-902e-c26c-23ca-d5accc4151b6', 'COUMADIN', 0, 'Brand'),
	(167, 'd91934a0-902e-c26c-23ca-d5accc4151b6', 'WARFARIN SODIUM', 0, 'Generic'),
	(168, 'd91934a0-902e-c26c-23ca-d5accc4151b6', 'WARFARIN SODIUM', 0, 'Substance'),
	(169, 'd92c5d6b-ff10-4087-36a2-1cfc464cb967', 'VENTOLIN HFA', 0, 'Brand'),
	(170, 'd92c5d6b-ff10-4087-36a2-1cfc464cb967', 'ALBUTEROL SULFATE', 0, 'Generic'),
	(171, 'd92c5d6b-ff10-4087-36a2-1cfc464cb967', 'ALBUTEROL SULFATE', 0, 'Substance'),
	(172, 'da1e5afd-d707-4af1-8935-8195ba6d769f', 'Kitabis Pak', 0, 'Brand'),
	(173, 'da1e5afd-d707-4af1-8935-8195ba6d769f', 'TOBRAMYCIN', 0, 'Generic'),
	(174, 'da1e5afd-d707-4af1-8935-8195ba6d769f', 'TOBRAMYCIN', 0, 'Substance'),
	(175, 'de55c133-eb08-4a35-91a2-5dc093027397', 'Reglan', 0, 'Brand'),
	(176, 'de55c133-eb08-4a35-91a2-5dc093027397', 'METOCLOPRAMIDE HYDROCHLORIDE', 0, 'Generic'),
	(177, 'de55c133-eb08-4a35-91a2-5dc093027397', 'METOCLOPRAMIDE HYDROCHLORIDE', 0, 'Substance'),
	(178, 'dfaca6f9-3277-47b2-319d-1377917cb54c', 'ADVAIR HFA', 0, 'Brand'),
	(179, 'dfaca6f9-3277-47b2-319d-1377917cb54c', 'FLUTICASONE PROPIONATE AND SALMETEROL XINAFOATE', 0, 'Generic'),
	(180, 'dfaca6f9-3277-47b2-319d-1377917cb54c', 'SALMETEROL XINAFOATE', 0, 'Substance'),
	(181, 'dfaca6f9-3277-47b2-319d-1377917cb54c', 'FLUTICASONE PROPIONATE', 0, 'Substance'),
	(182, 'e1431edd-0fc5-4ebc-8c10-53deb0db0d23', 'PANCREAZE', 0, 'Brand'),
	(183, 'e1431edd-0fc5-4ebc-8c10-53deb0db0d23', 'PANCRELIPASE', 0, 'Generic'),
	(184, 'e1431edd-0fc5-4ebc-8c10-53deb0db0d23', 'PANCRELIPASE LIPASE', 0, 'Substance'),
	(185, 'e1431edd-0fc5-4ebc-8c10-53deb0db0d23', 'PANCRELIPASE AMYLASE', 0, 'Substance'),
	(186, 'e1431edd-0fc5-4ebc-8c10-53deb0db0d23', 'PANCRELIPASE PROTEASE', 0, 'Substance'),
	(187, 'e3b94a78-0d41-4618-aca5-b1770f945559', 'CYPROHEPTADINE', 0, 'Brand'),
	(188, 'e3b94a78-0d41-4618-aca5-b1770f945559', 'CYPROHEPTADINE', 0, 'Generic'),
	(189, 'e3b94a78-0d41-4618-aca5-b1770f945559', 'CYPROHEPTADINE', 0, 'Substance'),
	(190, 'e8808230-2c44-44c6-8cab-8f29b6b34051', 'Vitamin K1', 0, 'Brand'),
	(191, 'e8808230-2c44-44c6-8cab-8f29b6b34051', 'PHYTONADIONE', 0, 'Generic'),
	(192, 'e8808230-2c44-44c6-8cab-8f29b6b34051', 'PHYTONADIONE', 0, 'Substance'),
	(193, 'f0f5a107-1236-8e1a-815d-dec8007c2bc9', 'ANUCORT-HC', 0, 'Brand'),
	(194, 'f0f5a107-1236-8e1a-815d-dec8007c2bc9', 'HYDROCORTISONE ACETATE', 0, 'Generic'),
	(195, 'f0f5a107-1236-8e1a-815d-dec8007c2bc9', 'HYDROCORTISONE ACETATE', 0, 'Substance'),
	(196, 'f14ea537-dd5c-4c78-9037-9a85e9e610ef', 'Propranolol', 0, 'Brand'),
	(197, 'f14ea537-dd5c-4c78-9037-9a85e9e610ef', 'PROPRANOLOL HYDROCHLORIDE', 0, 'Generic'),
	(198, 'f14ea537-dd5c-4c78-9037-9a85e9e610ef', 'PROPRANOLOL HYDROCHLORIDE', 0, 'Substance'),
	(199, 'f59d0c04-9c66-4d53-a0e1-cb55570deb62', 'Bactrim', 0, 'Brand'),
	(200, 'f59d0c04-9c66-4d53-a0e1-cb55570deb62', 'SULFAMETHOXAZOLE AND TRIMETHOPRIM', 0, 'Generic'),
	(201, 'f59d0c04-9c66-4d53-a0e1-cb55570deb62', 'TRIMETHOPRIM', 0, 'Substance'),
	(202, 'f59d0c04-9c66-4d53-a0e1-cb55570deb62', 'SULFAMETHOXAZOLE', 0, 'Substance'),
	(203, 'f85a48d0-0407-4c50-b0fa-7673a160bf01', 'JANUVIA', 0, 'Brand'),
	(204, 'f85a48d0-0407-4c50-b0fa-7673a160bf01', 'SITAGLIPTIN', 0, 'Generic'),
	(205, 'f85a48d0-0407-4c50-b0fa-7673a160bf01', 'SITAGLIPTIN PHOSPHATE', 0, 'Substance'),
	(206, 'f96236b4-b357-4426-ab70-f3bf99388366', 'Labetalol HCl', 0, 'Brand'),
	(207, 'f96236b4-b357-4426-ab70-f3bf99388366', 'LABETALOL HCL', 0, 'Generic'),
	(208, 'f96236b4-b357-4426-ab70-f3bf99388366', 'LABETALOL HYDROCHLORIDE', 0, 'Substance'),
	(209, 'f96cfd69-da34-41ee-90a9-610a4655cd1c', 'EYLEA', 0, 'Brand'),
	(210, 'f96cfd69-da34-41ee-90a9-610a4655cd1c', 'AFLIBERCEPT', 0, 'Generic'),
	(211, 'f96cfd69-da34-41ee-90a9-610a4655cd1c', 'AFLIBERCEPT', 0, 'Substance'),
	(212, 'fafa4cf1-99c2-43d5-73ad-51f256de3be0', 'SYMBICORT', 0, 'Brand'),
	(213, 'fafa4cf1-99c2-43d5-73ad-51f256de3be0', 'BUDESONIDE AND FORMOTEROL FUMARATE DIHYDRATE', 0, 'Generic'),
	(214, 'fafa4cf1-99c2-43d5-73ad-51f256de3be0', 'BUDESONIDE', 0, 'Substance'),
	(215, 'fafa4cf1-99c2-43d5-73ad-51f256de3be0', 'FORMOTEROL FUMARATE', 0, 'Substance');



-- drugManufacturers

INSERT INTO DrugManufacturer (drug_splset_id, manufacturer_id)
VALUES 
	('00c486b0-bd7b-4898-834d-8c656e5e73cb', 30),
	('073201aa-556d-4a70-918e-84e9616fd88d', 30),
	('0ab0c9f8-3eee-4e0f-9f3f-c1e16aaffe25', 2),
	('116464ce-cfd8-4b9f-8b5a-3a114b6ff2b1', 7),
	('13bb8267-1cab-43e5-acae-55a4d957630a', 16),
	('167c6ad9-1a71-4661-9087-3bca19d075fe', 41),
	('1cd3d47b-025f-4705-9daf-cf07725ec223', 3),
	('21628112-0c47-11df-95b3-498d55d89593', 31),
	('2a2eee86-273e-4718-8f78-34f15e193040', 8),
	('2bfd2bd5-d044-4363-9dde-f63182fa2eea', 12),
	('2c4c0a36-12cf-444d-9d57-de983eef4d36', 32),
	('2f7d4d67-10c1-4bf4-a7f2-c185fbad64ba', 23),
	('313ccc9f-7b3e-4e42-b5d8-0e27c3c72d8e', 4),
	('3a1e73a2-3009-40d0-876c-b4cb2be56fc5', 33),
	('3acf6751-827d-11e2-9e96-0800200c9a66', 34),
	('3bac8a9b-f6c5-47df-a593-ece41b53f09b', 24),
	('442a09ee-e7de-4d53-a32e-07c7530cdede', 9),
	('45cc673a-e125-4d76-8013-89a089eb0ae9', 42),
	('481eec00-9abf-11dd-b71c-0002a5d5c51b', 5),
	('49e5afe9-a0c7-40c4-af9f-f287a80c5c88', 17),
	('4c55ccfb-c4cf-11df-851a-0800200c9a66', 16),
	('4c5c86c8-ab7f-4fcf-bc1b-5a0b1fd0691b', 43),
	('4eeb5f6a-593f-4a9e-9692-adefa2caf8fc', 44),
	('542f22e8-dad2-47a8-93b6-30936715d73b', 25),
	('5500be0f-8b29-450c-9857-755029965157', 25),
	('556265b0-8757-11de-8a39-0800200c9a66', 26),
	('5be7bb0a-dddb-4cb4-bf89-a8fafb726c83', 27),
	('5fb3c464-ab1a-4e2f-ba7a-9aa59b94ca00', 45),
	('65356126-cb6b-4652-8455-a58dd8f274b3', 13),
	('66a6da21-7cd7-4932-86e0-0614f2ec1a93', 38),
	('67300ca3-8c53-4ce4-8e86-2c03be1f9b8a', 18),
	('6ec3129b-c53b-4bdb-913d-a2d0060fa140', 6),
	('7c692ed5-959e-4c48-aeec-0799d8979693', 8),
	('7e2644e6-36c5-4988-8e52-bec90e2cd2f0', 48),
	('8c166755-7711-4df9-d689-8836a1a70885', 7),
	('8d24bacb-feff-4c6a-b8df-625e1435387a', 39),
	('8e701d71-1dcb-4b84-bada-84e4f04f5e62', 24),
	('94f9e516-6bf6-4e30-8dde-8833c25c2560', 43),
	('950ba94e-a7af-4034-943f-e0df5679d998', 14),
	('a1b077e6-b070-43f2-a98e-380cc635419d', 28),
	('ac8a0f7b-9f69-4495-abbc-3a47cd75a859', 28),
	('afb16e94-03bf-4ea2-b2fe-e65f274e55a9', 29),
	('b49ed7c1-123e-4b1d-fea6-0c6839fd9d6a', 44),
	('c1b12354-9409-4e76-bcdc-024c190d6583', 49),
	('c9561d96-124d-48ca-982f-0aa1575bff36', 35),
	('cc739885-e10e-4bcb-a781-c726c518f3d1', 0),
	('ce1a4b9d-3127-4416-8bf2-fee5899fc0ba', 9),
	('d38d65c1-25bf-401d-9c7e-a2c3222da8af', 33),
	('d5e07a0c-7e14-4756-9152-9fea485d654a', 10),
	('d85c7e20-4e1d-43cd-a64b-ced3bda70eed', 16),
	('d8c78a7e-ff99-48f3-8952-643ec2ea0f86', 25),
	('d91934a0-902e-c26c-23ca-d5accc4151b6', 36),
	('d92c5d6b-ff10-4087-36a2-1cfc464cb967', 44),
	('da1e5afd-d707-4af1-8935-8195ba6d769f', 20),
	('de55c133-eb08-4a35-91a2-5dc093027397', 21),
	('dfaca6f9-3277-47b2-319d-1377917cb54c', 44),
	('e1431edd-0fc5-4ebc-8c10-53deb0db0d23', 31),
	('e3b94a78-0d41-4618-aca5-b1770f945559', 1),
	('e8808230-2c44-44c6-8cab-8f29b6b34051', 11),
	('f0f5a107-1236-8e1a-815d-dec8007c2bc9', 37),
	('f14ea537-dd5c-4c78-9037-9a85e9e610ef', 40),
	('f59d0c04-9c66-4d53-a0e1-cb55570deb62', 46),
	('f85a48d0-0407-4c50-b0fa-7673a160bf01', 7),
	('f96236b4-b357-4426-ab70-f3bf99388366', 15),
	('f96cfd69-da34-41ee-90a9-610a4655cd1c', 47),
	('fafa4cf1-99c2-43d5-73ad-51f256de3be0', 28);



-- drugClasses

INSERT INTO DrugClass (drug_splset_id, class_id)
VALUES 
	('0ab0c9f8-3eee-4e0f-9f3f-c1e16aaffe25', 36),
	('0ab0c9f8-3eee-4e0f-9f3f-c1e16aaffe25', 3),
	('0ab0c9f8-3eee-4e0f-9f3f-c1e16aaffe25', 8),
	('0ab0c9f8-3eee-4e0f-9f3f-c1e16aaffe25', 14),
	('0ab0c9f8-3eee-4e0f-9f3f-c1e16aaffe25', 11),
	('0ab0c9f8-3eee-4e0f-9f3f-c1e16aaffe25', 4),
	('167c6ad9-1a71-4661-9087-3bca19d075fe', 48),
	('167c6ad9-1a71-4661-9087-3bca19d075fe', 45),
	('167c6ad9-1a71-4661-9087-3bca19d075fe', 15),
	('167c6ad9-1a71-4661-9087-3bca19d075fe', 19),
	('167c6ad9-1a71-4661-9087-3bca19d075fe', 16),
	('167c6ad9-1a71-4661-9087-3bca19d075fe', 20),
	('167c6ad9-1a71-4661-9087-3bca19d075fe', 21),
	('1cd3d47b-025f-4705-9daf-cf07725ec223', 25),
	('1cd3d47b-025f-4705-9daf-cf07725ec223', 41),
	('21628112-0c47-11df-95b3-498d55d89593', 5),
	('21628112-0c47-11df-95b3-498d55d89593', 0),
	('21628112-0c47-11df-95b3-498d55d89593', 17),
	('2a2eee86-273e-4718-8f78-34f15e193040', 49),
	('2a2eee86-273e-4718-8f78-34f15e193040', 12),
	('2a2eee86-273e-4718-8f78-34f15e193040', 9),
	('2a2eee86-273e-4718-8f78-34f15e193040', 22),
	('2c4c0a36-12cf-444d-9d57-de983eef4d36', 26),
	('2c4c0a36-12cf-444d-9d57-de983eef4d36', 37),
	('3a1e73a2-3009-40d0-876c-b4cb2be56fc5', 31),
	('3a1e73a2-3009-40d0-876c-b4cb2be56fc5', 42),
	('49e5afe9-a0c7-40c4-af9f-f287a80c5c88', 50),
	('49e5afe9-a0c7-40c4-af9f-f287a80c5c88', 1),
	('4c5c86c8-ab7f-4fcf-bc1b-5a0b1fd0691b', 38),
	('4c5c86c8-ab7f-4fcf-bc1b-5a0b1fd0691b', 17),
	('542f22e8-dad2-47a8-93b6-30936715d73b', 32),
	('542f22e8-dad2-47a8-93b6-30936715d73b', 43),
	('5be7bb0a-dddb-4cb4-bf89-a8fafb726c83', 33),
	('5be7bb0a-dddb-4cb4-bf89-a8fafb726c83', 39),
	('5be7bb0a-dddb-4cb4-bf89-a8fafb726c83', 44),
	('5be7bb0a-dddb-4cb4-bf89-a8fafb726c83', 23),
	('5be7bb0a-dddb-4cb4-bf89-a8fafb726c83', 24),
	('5fb3c464-ab1a-4e2f-ba7a-9aa59b94ca00', 27),
	('5fb3c464-ab1a-4e2f-ba7a-9aa59b94ca00', 46),
	('94f9e516-6bf6-4e30-8dde-8833c25c2560', 25),
	('94f9e516-6bf6-4e30-8dde-8833c25c2560', 41),
	('c9561d96-124d-48ca-982f-0aa1575bff36', 31),
	('c9561d96-124d-48ca-982f-0aa1575bff36', 42),
	('d38d65c1-25bf-401d-9c7e-a2c3222da8af', 31),
	('d38d65c1-25bf-401d-9c7e-a2c3222da8af', 42),
	('d5e07a0c-7e14-4756-9152-9fea485d654a', 31),
	('d5e07a0c-7e14-4756-9152-9fea485d654a', 42),
	('d8c78a7e-ff99-48f3-8952-643ec2ea0f86', 28),
	('d8c78a7e-ff99-48f3-8952-643ec2ea0f86', 29),
	('d8c78a7e-ff99-48f3-8952-643ec2ea0f86', 51),
	('d8c78a7e-ff99-48f3-8952-643ec2ea0f86', 18),
	('da1e5afd-d707-4af1-8935-8195ba6d769f', 25),
	('da1e5afd-d707-4af1-8935-8195ba6d769f', 41),
	('e8808230-2c44-44c6-8cab-8f29b6b34051', 33),
	('e8808230-2c44-44c6-8cab-8f29b6b34051', 39),
	('e8808230-2c44-44c6-8cab-8f29b6b34051', 44),
	('e8808230-2c44-44c6-8cab-8f29b6b34051', 23),
	('e8808230-2c44-44c6-8cab-8f29b6b34051', 24),
	('f59d0c04-9c66-4d53-a0e1-cb55570deb62', 30),
	('f59d0c04-9c66-4d53-a0e1-cb55570deb62', 34),
	('f59d0c04-9c66-4d53-a0e1-cb55570deb62', 35),
	('f59d0c04-9c66-4d53-a0e1-cb55570deb62', 10),
	('f59d0c04-9c66-4d53-a0e1-cb55570deb62', 6),
	('f59d0c04-9c66-4d53-a0e1-cb55570deb62', 7),
	('f59d0c04-9c66-4d53-a0e1-cb55570deb62', 11),
	('f96cfd69-da34-41ee-90a9-610a4655cd1c', 47),
	('f96cfd69-da34-41ee-90a9-610a4655cd1c', 13),
	('fafa4cf1-99c2-43d5-73ad-51f256de3be0', 40),
	('fafa4cf1-99c2-43d5-73ad-51f256de3be0', 2);



-- labels

INSERT INTO Label (label_id, drug_splset_id, label_version)
VALUES 
	('40eab269-0a33-9952-f267-9276999b67ed', '00c486b0-bd7b-4898-834d-8c656e5e73cb', 1457),
	('e6b61b2c-2f5e-410f-a940-9988d1e0a443', '01b14603-8f29-4fa3-8d7e-9d523f802e0b', 26),
	('c1fc1c81-d34a-7baf-ba5c-48425e015fe1', '073201aa-556d-4a70-918e-84e9616fd88d', 74),
	('5a4c0e36-b291-4bec-862d-7e34077cba61', '0ab0c9f8-3eee-4e0f-9f3f-c1e16aaffe25', 18),
	('73946690-7665-42ae-b69f-7dac9f580df1', '116464ce-cfd8-4b9f-8b5a-3a114b6ff2b1', 33),
	('34017541-fa92-4f3b-a4db-c8d3de31c5be', '13bb8267-1cab-43e5-acae-55a4d957630a', 20),
	('5a70bb95-ef18-4828-b6b0-e2f73d9ee029', '167c6ad9-1a71-4661-9087-3bca19d075fe', 1),
	('76030f93-09fc-43b6-b86c-6f710bc9c922', '1cd3d47b-025f-4705-9daf-cf07725ec223', 11),
	('2989ad6f-4145-4b83-b1e9-f6afa236df8f', '21628112-0c47-11df-95b3-498d55d89593', 16),
	('23a74a75-3a8b-4363-8e6d-6665ad5e4221', '2a2eee86-273e-4718-8f78-34f15e193040', 3),
	('99ebc5e5-5cfc-48c6-bb7f-38249a59a9ea', '2bfd2bd5-d044-4363-9dde-f63182fa2eea', 1),
	('0bc25c22-a6bb-4d7c-ab28-441fc526c79c', '2c4c0a36-12cf-444d-9d57-de983eef4d36', 3),
	('48f72160-f6f7-4890-8471-041da7cdd3a7', '2f7d4d67-10c1-4bf4-a7f2-c185fbad64ba', 72),
	('44d3d32b-6e68-4915-920e-ede52ed92f26', '313ccc9f-7b3e-4e42-b5d8-0e27c3c72d8e', 8),
	('4c2ff137-76d4-4e7b-bc43-d5213052f4c7', '3a1e73a2-3009-40d0-876c-b4cb2be56fc5', 23),
	('778da77e-b357-42f2-a6d6-2e91568ebc59', '3acf6751-827d-11e2-9e96-0800200c9a66', 16),
	('514b0c51-609e-46b0-81b5-30fc1e7c3ba5', '3bac8a9b-f6c5-47df-a593-ece41b53f09b', 6),
	('c2714d79-69e5-47d2-921c-6565c578f9af', '442a09ee-e7de-4d53-a32e-07c7530cdede', 5),
	('6fc4d215-86ac-416e-8e9a-5f84b78ef2db', '45cc673a-e125-4d76-8013-89a089eb0ae9', 9),
	('5514b35a-081c-740f-e054-00144ff8d46c', '481eec00-9abf-11dd-b71c-0002a5d5c51b', 15),
	('f0a4aa32-b689-4a2a-b575-7b3156e79c0c', '49e5afe9-a0c7-40c4-af9f-f287a80c5c88', 155),
	('f180b475-4aa3-4c3d-965e-c7e2e41ad8bb', '4c55ccfb-c4cf-11df-851a-0800200c9a66', 18),
	('abdbe5f0-c0bf-429d-9133-78f8e1d801ef', '4c5c86c8-ab7f-4fcf-bc1b-5a0b1fd0691b', 24),
	('7a57b774-9976-453c-bb03-c784603a262d', '4eeb5f6a-593f-4a9e-9692-adefa2caf8fc', 20),
	('889d0b83-8cfa-4744-a146-0df16d054a96', '542f22e8-dad2-47a8-93b6-30936715d73b', 15),
	('f2dd2583-5474-4db0-b439-ef3a96a0f17a', '5500be0f-8b29-450c-9857-755029965157', 23),
	('89b1dff9-305f-4b04-bffa-bfcecabd8056', '556265b0-8757-11de-8a39-0800200c9a66', 18),
	('5681e71b-0f65-4c1f-ac37-ff0d2cbe502d', '5be7bb0a-dddb-4cb4-bf89-a8fafb726c83', 2),
	('eb667482-22de-4e79-b155-c4fb36b7e6a9', '5fb3c464-ab1a-4e2f-ba7a-9aa59b94ca00', 13),
	('d7bc46a5-ac1e-47f2-88f3-3351fdbbdbf4', '65356126-cb6b-4652-8455-a58dd8f274b3', 2),
	('5332fc57-b49c-4d57-bd7f-de4e4c25c1b8', '66a6da21-7cd7-4932-86e0-0614f2ec1a93', 2),
	('0d2b8cc7-2781-44e4-8aa7-f613eebb87db', '67300ca3-8c53-4ce4-8e86-2c03be1f9b8a', 8),
	('dd2f3ab2-99d0-44a2-b870-c858a49b4ba4', '6ec3129b-c53b-4bdb-913d-a2d0060fa140', 10),
	('b63d818a-442d-4abc-b83d-b7d212f82740', '7c692ed5-959e-4c48-aeec-0799d8979693', 5),
	('02f1a5b7-d560-47be-97b2-c9bc46d312f4', '7e2644e6-36c5-4988-8e52-bec90e2cd2f0', 2),
	('cf56f56a-26fc-4add-9dcd-b7ef4842f3d8', '8c166755-7711-4df9-d689-8836a1a70885', 49),
	('84be57d3-269f-4e0c-bc13-01a9419e12a7', '8d24bacb-feff-4c6a-b8df-625e1435387a', 15),
	('93bb6b3d-e3fc-4cad-95da-798c48dde43d', '8e701d71-1dcb-4b84-bada-84e4f04f5e62', 6),
	('77c22bc4-d60e-4ff1-a572-22d871717c19', '94f9e516-6bf6-4e30-8dde-8833c25c2560', 14),
	('48d826f3-8d20-4300-8db5-a7d7713b1308', '950ba94e-a7af-4034-943f-e0df5679d998', 8),
	('3209e9cd-92a0-4e3d-8d26-cfb636faff9c', 'a1b077e6-b070-43f2-a98e-380cc635419d', 37),
	('5fbd4b53-61db-0c14-e053-2a91aa0aeee8', 'a24fd39c-34a7-4de2-9439-781e612189ca', 6),
	('a9d29137-cc97-4006-a888-f1b152cc290f', 'ac8a0f7b-9f69-4495-abbc-3a47cd75a859', 13),
	('540907e5-8522-4b69-9afc-5aab1c1e186b', 'afb16e94-03bf-4ea2-b2fe-e65f274e55a9', 6),
	('5a0e6d88-058d-466b-8eba-4985d7947138', 'b49ed7c1-123e-4b1d-fea6-0c6839fd9d6a', 21),
	('2025df1c-75ac-4184-b0d8-73fb870ce2a4', 'c1b12354-9409-4e76-bcdc-024c190d6583', 1),
	('7903d754-ba4b-4f60-9187-60dc9dea15c9', 'c9561d96-124d-48ca-982f-0aa1575bff36', 9),
	('41ebb054-9661-44ed-876c-39878e30ff70', 'cc739885-e10e-4bcb-a781-c726c518f3d1', 6),
	('97ad1752-d9b5-460f-b49c-c7551e70f07e', 'ce1a4b9d-3127-4416-8bf2-fee5899fc0ba', 2),
	('a0ad4ce8-1e36-4b1f-bcd2-d73a8680d764', 'd38d65c1-25bf-401d-9c7e-a2c3222da8af', 17),
	('0dd5b537-70f4-45d3-8003-8ce600908e96', 'd5e07a0c-7e14-4756-9152-9fea485d654a', 22),
	('13dbf16d-db0e-4f1f-ac43-7a2badf8170f', 'd85c7e20-4e1d-43cd-a64b-ced3bda70eed', 4),
	('ef825b93-42a9-4589-8fb3-b9c34f6ec6af', 'd8c78a7e-ff99-48f3-8952-643ec2ea0f86', 12),
	('07c601d8-0b05-4744-af3b-0c63c87a62ee', 'd91934a0-902e-c26c-23ca-d5accc4151b6', 17),
	('7b802d98-8188-4fa9-9171-7469db299043', 'd92c5d6b-ff10-4087-36a2-1cfc464cb967', 19),
	('bc5148ba-ad0e-46c1-b3d0-caf52b15ad11', 'da1e5afd-d707-4af1-8935-8195ba6d769f', 4),
	('6a2a93fa-0050-425c-8bd9-93ed72609b43', 'de55c133-eb08-4a35-91a2-5dc093027397', 4),
	('b078f8e7-a260-42db-abf1-b1cae5c61220', 'dfaca6f9-3277-47b2-319d-1377917cb54c', 23),
	('a8d7696f-6b03-4e41-b560-25a384f97cd5', 'e1431edd-0fc5-4ebc-8c10-53deb0db0d23', 7),
	('fc72c9e4-1bc6-4d5c-b4e9-ca85e11dc8ba', 'e3b94a78-0d41-4618-aca5-b1770f945559', 2),
	('9816b3cb-1f2f-4389-8923-57443c7b9db4', 'e8808230-2c44-44c6-8cab-8f29b6b34051', 14),
	('f8125ab3-1dc4-ba10-718c-8263821efe67', 'f0f5a107-1236-8e1a-815d-dec8007c2bc9', 5),
	('d571e396-79ee-4c0b-b2d4-641856f006f9', 'f14ea537-dd5c-4c78-9037-9a85e9e610ef', 1),
	('b3ce197f-a541-44ca-a12d-e0c4460412e8', 'f59d0c04-9c66-4d53-a0e1-cb55570deb62', 4),
	('b46d62ab-68e7-4029-86cb-9b9e70ebee36', 'f85a48d0-0407-4c50-b0fa-7673a160bf01', 55),
	('fa17f307-3044-45c5-8fef-55841af566f1', 'f96236b4-b357-4426-ab70-f3bf99388366', 5),
	('e24a1294-2b12-4bc6-b527-51e355e9d692', 'f96cfd69-da34-41ee-90a9-610a4655cd1c', 17),
	('9c21a8e6-0f13-49fa-8769-d22b998103c6', 'fafa4cf1-99c2-43d5-73ad-51f256de3be0', 23);



-- patients

INSERT INTO Patient (patient_id, patient_age, patient_ageUnit, patient_sex)
VALUES 
	(0, '21', '801', '1'),
	(1, '', '', '1'),
	(2, '', '', ''),
	(3, '3', '801', '1'),
	(4, '68', '801', '2'),
	(5, '', '', '1'),
	(6, '9', '801', '1'),
	(7, '66', '801', '2'),
	(8, '', '', '1'),
	(9, '', '', '2'),
	(10, '46', '801', '2'),
	(11, '75', '801', '2'),
	(12, '19', '801', '2'),
	(13, '', '', '2'),
	(14, '', '', ''),
	(15, '', '', '1'),
	(16, '68', '801', '2'),
	(17, '50', '801', '2'),
	(18, '19', '801', '1'),
	(19, '6', '801', '2'),
	(20, '53', '801', '2'),
	(21, '', '', '1'),
	(22, '59', '801', '2'),
	(23, '15', '801', '1'),
	(24, '', '', '1'),
	(25, '37', '801', '1'),
	(26, '17', '801', '1'),
	(27, '58', '801', '2'),
	(28, '61', '801', '2'),
	(29, '17', '801', '1'),
	(30, '', '', '2'),
	(31, '', '', '1'),
	(32, '', '', '1'),
	(33, '56', '801', '2'),
	(34, '7', '801', '1'),
	(35, '', '', '2'),
	(36, '36', '801', '1'),
	(37, '', '', '1'),
	(38, '', '', '2'),
	(39, '56', '801', '2'),
	(40, '', '', ''),
	(41, '14', '801', '1'),
	(42, '61', '801', '2'),
	(43, '', '', '1'),
	(44, '18', '801', '2'),
	(45, '16', '801', '2'),
	(46, '2', '801', '1'),
	(47, '', '', '1'),
	(48, '67', '801', ''),
	(49, '18', '801', '2'),
	(50, '', '', '2'),
	(51, '25', '801', '1'),
	(52, '7', '801', '1'),
	(53, '26', '801', '2'),
	(54, '', '', '1'),
	(55, '', '', '2'),
	(56, '', '', '2'),
	(57, '9', '801', '2'),
	(58, '', '', '1'),
	(59, '45', '801', '1'),
	(60, '', '', ''),
	(61, '', '', '2'),
	(62, '23', '801', '1'),
	(63, '24', '801', '2'),
	(64, '20', '801', '1'),
	(65, '28', '801', '1'),
	(66, '38', '801', '1'),
	(67, '', '', '2'),
	(68, '44', '801', '2'),
	(69, '64', '801', '1'),
	(70, '', '', '2'),
	(71, '', '', '2'),
	(72, '', '', '2'),
	(73, '', '', '1'),
	(74, '', '', '2'),
	(75, '', '', '1'),
	(76, '2', '801', '1'),
	(77, '', '', '2'),
	(78, '', '', '1'),
	(79, '', '', '1'),
	(80, '34', '801', '1'),
	(81, '11', '801', '2'),
	(82, '34', '801', '1'),
	(83, '20', '801', '2'),
	(84, '', '', '2'),
	(85, '14', '801', '2'),
	(86, '40', '801', '1'),
	(87, '', '', ''),
	(88, '', '', '1'),
	(89, '24', '801', '2'),
	(90, '17', '801', '2'),
	(91, '', '', '2'),
	(92, '7', '801', '2'),
	(93, '', '', '1'),
	(94, '70', '801', '2'),
	(95, '', '', '2'),
	(96, '70', '801', '2'),
	(97, '21', '801', '2'),
	(98, '54', '801', '1'),
	(99, '11', '801', '1'),
	(100, '', '', '1'),
	(101, '39', '801', '2'),
	(102, '', '', '1'),
	(103, '13', '801', '2'),
	(104, '10', '801', '1'),
	(105, '', '', '2'),
	(106, '9', '801', '1'),
	(107, '44', '801', '2'),
	(108, '4', '801', '2'),
	(109, '19', '801', '2'),
	(110, '44', '801', '2'),
	(111, '12', '801', '2'),
	(112, '3', '801', '1'),
	(113, '2', '801', '1'),
	(114, '41', '801', '2'),
	(115, '', '', '2'),
	(116, '', '', '2'),
	(117, '', '', '2'),
	(118, '3', '801', '2'),
	(119, '', '', '1'),
	(120, '20', '801', '2'),
	(121, '5', '801', '2'),
	(122, '65', '801', '1'),
	(123, '', '', '1'),
	(124, '4', '801', '2'),
	(125, '50', '801', '2'),
	(126, '', '', '1'),
	(127, '', '', '1'),
	(128, '22', '801', '2'),
	(129, '', '', '2'),
	(130, '58', '801', '2'),
	(131, '57', '801', '1'),
	(132, '62', '801', '2'),
	(133, '6', '801', '2'),
	(134, '38', '801', '2'),
	(135, '', '', '1'),
	(136, '', '', ''),
	(137, '34', '801', '2'),
	(138, '', '', '1'),
	(139, '2', '801', '1'),
	(140, '8', '801', '2'),
	(141, '', '', '2'),
	(142, '5', '801', '1'),
	(143, '', '', ''),
	(144, '6', '801', '1'),
	(145, '19', '801', '1'),
	(146, '22', '801', '2'),
	(147, '', '', '2'),
	(148, '', '', ''),
	(149, '', '', '2'),
	(150, '19', '801', '1');



-- patientDrugs

INSERT INTO PatientDrug (drug_splset_id, patient_id, action, characterization, route_id)
VALUES 
	('1cd3d47b-025f-4705-9daf-cf07725ec223', 0, '4', '1', 12),
	('d8c78a7e-ff99-48f3-8952-643ec2ea0f86', 0, '', '2', 6),
	('0ab0c9f8-3eee-4e0f-9f3f-c1e16aaffe25', 0, '4', '1', 0),
	('073201aa-556d-4a70-918e-84e9616fd88d', 0, '', '2', 6),
	('5fb3c464-ab1a-4e2f-ba7a-9aa59b94ca00', 0, '', '2', 6),
	('0ab0c9f8-3eee-4e0f-9f3f-c1e16aaffe25', 1, '4', '1', 0),
	('0ab0c9f8-3eee-4e0f-9f3f-c1e16aaffe25', 2, '6', '1', 0),
	('0ab0c9f8-3eee-4e0f-9f3f-c1e16aaffe25', 3, '4', '1', 0),
	('e1431edd-0fc5-4ebc-8c10-53deb0db0d23', 3, '', '2', 0),
	('0ab0c9f8-3eee-4e0f-9f3f-c1e16aaffe25', 4, '4', '1', 0),
	('49e5afe9-a0c7-40c4-af9f-f287a80c5c88', 4, '', '2', 6),
	('0ab0c9f8-3eee-4e0f-9f3f-c1e16aaffe25', 5, '4', '1', 0),
	('0ab0c9f8-3eee-4e0f-9f3f-c1e16aaffe25', 6, '4', '1', 0),
	('481eec00-9abf-11dd-b71c-0002a5d5c51b', 6, '4', '1', 0),
	('de55c133-eb08-4a35-91a2-5dc093027397', 6, '', '2', 6),
	('d8c78a7e-ff99-48f3-8952-643ec2ea0f86', 6, '', '2', 6),
	('2c4c0a36-12cf-444d-9d57-de983eef4d36', 6, '', '2', 6),
	('e3b94a78-0d41-4618-aca5-b1770f945559', 6, '', '2', 6),
	('cc739885-e10e-4bcb-a781-c726c518f3d1', 6, '', '2', 6),
	('0ab0c9f8-3eee-4e0f-9f3f-c1e16aaffe25', 7, '4', '1', 0),
	('d8c78a7e-ff99-48f3-8952-643ec2ea0f86', 7, '', '2', 6),
	('dfaca6f9-3277-47b2-319d-1377917cb54c', 7, '', '2', 6),
	('94f9e516-6bf6-4e30-8dde-8833c25c2560', 7, '', '2', 6),
	('0ab0c9f8-3eee-4e0f-9f3f-c1e16aaffe25', 8, '5', '1', 0),
	('0ab0c9f8-3eee-4e0f-9f3f-c1e16aaffe25', 9, '5', '1', 0),
	('0ab0c9f8-3eee-4e0f-9f3f-c1e16aaffe25', 10, '4', '1', 0),
	('2c4c0a36-12cf-444d-9d57-de983eef4d36', 10, '', '2', 6),
	('0ab0c9f8-3eee-4e0f-9f3f-c1e16aaffe25', 11, '5', '1', 0),
	('2c4c0a36-12cf-444d-9d57-de983eef4d36', 12, '', '2', 6),
	('d8c78a7e-ff99-48f3-8952-643ec2ea0f86', 12, '', '2', 6),
	('0ab0c9f8-3eee-4e0f-9f3f-c1e16aaffe25', 12, '4', '1', 0),
	('da1e5afd-d707-4af1-8935-8195ba6d769f', 12, '', '2', 6),
	('21628112-0c47-11df-95b3-498d55d89593', 12, '', '2', 6),
	('073201aa-556d-4a70-918e-84e9616fd88d', 13, '', '2', 6),
	('0ab0c9f8-3eee-4e0f-9f3f-c1e16aaffe25', 13, '4', '1', 0),
	('8c166755-7711-4df9-d689-8836a1a70885', 13, '', '2', 6),
	('d8c78a7e-ff99-48f3-8952-643ec2ea0f86', 13, '', '2', 6),
	('2c4c0a36-12cf-444d-9d57-de983eef4d36', 13, '', '2', 6),
	('1cd3d47b-025f-4705-9daf-cf07725ec223', 14, '4', '1', 12),
	('d8c78a7e-ff99-48f3-8952-643ec2ea0f86', 14, '6', '2', 6),
	('0ab0c9f8-3eee-4e0f-9f3f-c1e16aaffe25', 14, '4', '1', 0),
	('5fb3c464-ab1a-4e2f-ba7a-9aa59b94ca00', 14, '6', '2', 6),
	('073201aa-556d-4a70-918e-84e9616fd88d', 14, '6', '2', 6),
	('0ab0c9f8-3eee-4e0f-9f3f-c1e16aaffe25', 15, '4', '1', 0),
	('0ab0c9f8-3eee-4e0f-9f3f-c1e16aaffe25', 16, '', '1', 6),
	('313ccc9f-7b3e-4e42-b5d8-0e27c3c72d8e', 17, '', '2', 6),
	('2f7d4d67-10c1-4bf4-a7f2-c185fbad64ba', 17, '', '2', 6),
	('0ab0c9f8-3eee-4e0f-9f3f-c1e16aaffe25', 17, '4', '1', 0),
	('2c4c0a36-12cf-444d-9d57-de983eef4d36', 18, '', '2', 0),
	('0ab0c9f8-3eee-4e0f-9f3f-c1e16aaffe25', 18, '4', '1', 0),
	('073201aa-556d-4a70-918e-84e9616fd88d', 18, '', '2', 0),
	('0ab0c9f8-3eee-4e0f-9f3f-c1e16aaffe25', 19, '4', '1', 0),
	('d8c78a7e-ff99-48f3-8952-643ec2ea0f86', 19, '', '2', 6),
	('2c4c0a36-12cf-444d-9d57-de983eef4d36', 19, '', '2', 6),
	('66a6da21-7cd7-4932-86e0-0614f2ec1a93', 20, '', '2', 6),
	('0ab0c9f8-3eee-4e0f-9f3f-c1e16aaffe25', 20, '4', '1', 0),
	('0ab0c9f8-3eee-4e0f-9f3f-c1e16aaffe25', 21, '5', '1', 0),
	('0ab0c9f8-3eee-4e0f-9f3f-c1e16aaffe25', 22, '4', '1', 0),
	('0ab0c9f8-3eee-4e0f-9f3f-c1e16aaffe25', 23, '4', '1', 0),
	('d8c78a7e-ff99-48f3-8952-643ec2ea0f86', 23, '', '2', 6),
	('e8808230-2c44-44c6-8cab-8f29b6b34051', 23, '', '2', 6),
	('073201aa-556d-4a70-918e-84e9616fd88d', 23, '', '2', 6),
	('0ab0c9f8-3eee-4e0f-9f3f-c1e16aaffe25', 24, '5', '1', 0),
	('0ab0c9f8-3eee-4e0f-9f3f-c1e16aaffe25', 25, '5', '1', 0),
	('a1b077e6-b070-43f2-a98e-380cc635419d', 26, '', '2', 6),
	('8d24bacb-feff-4c6a-b8df-625e1435387a', 26, '', '2', 6),
	('94f9e516-6bf6-4e30-8dde-8833c25c2560', 26, '', '2', 6),
	('0ab0c9f8-3eee-4e0f-9f3f-c1e16aaffe25', 26, '4', '1', 0),
	('073201aa-556d-4a70-918e-84e9616fd88d', 26, '', '2', 6),
	('d8c78a7e-ff99-48f3-8952-643ec2ea0f86', 26, '', '2', 6),
	('3acf6751-827d-11e2-9e96-0800200c9a66', 27, '', '2', 6),
	('d5e07a0c-7e14-4756-9152-9fea485d654a', 27, '', '2', 6),
	('0ab0c9f8-3eee-4e0f-9f3f-c1e16aaffe25', 27, '4', '1', 0),
	('94f9e516-6bf6-4e30-8dde-8833c25c2560', 27, '', '2', 6),
	('45cc673a-e125-4d76-8013-89a089eb0ae9', 27, '', '2', 6),
	('f59d0c04-9c66-4d53-a0e1-cb55570deb62', 27, '', '2', 6),
	('2c4c0a36-12cf-444d-9d57-de983eef4d36', 27, '', '2', 6),
	('65356126-cb6b-4652-8455-a58dd8f274b3', 27, '', '2', 6),
	('3a1e73a2-3009-40d0-876c-b4cb2be56fc5', 27, '', '2', 6),
	('d8c78a7e-ff99-48f3-8952-643ec2ea0f86', 27, '', '2', 6),
	('0ab0c9f8-3eee-4e0f-9f3f-c1e16aaffe25', 28, '5', '1', 0),
	('d8c78a7e-ff99-48f3-8952-643ec2ea0f86', 29, '', '2', 6),
	('0ab0c9f8-3eee-4e0f-9f3f-c1e16aaffe25', 29, '4', '1', 0),
	('94f9e516-6bf6-4e30-8dde-8833c25c2560', 29, '', '2', 6),
	('0ab0c9f8-3eee-4e0f-9f3f-c1e16aaffe25', 30, '6', '1', 0),
	('d92c5d6b-ff10-4087-36a2-1cfc464cb967', 31, '', '2', 6),
	('0ab0c9f8-3eee-4e0f-9f3f-c1e16aaffe25', 31, '2', '1', 0),
	('542f22e8-dad2-47a8-93b6-30936715d73b', 31, '', '2', 6),
	('4c55ccfb-c4cf-11df-851a-0800200c9a66', 31, '', '2', 6),
	('8c166755-7711-4df9-d689-8836a1a70885', 31, '', '2', 6),
	('950ba94e-a7af-4034-943f-e0df5679d998', 31, '', '2', 6),
	('0ab0c9f8-3eee-4e0f-9f3f-c1e16aaffe25', 32, '4', '1', 0),
	('d8c78a7e-ff99-48f3-8952-643ec2ea0f86', 32, '', '2', 6),
	('0ab0c9f8-3eee-4e0f-9f3f-c1e16aaffe25', 33, '1', '1', 0),
	('073201aa-556d-4a70-918e-84e9616fd88d', 33, '', '2', 6),
	('0ab0c9f8-3eee-4e0f-9f3f-c1e16aaffe25', 34, '6', '1', 0),
	('0ab0c9f8-3eee-4e0f-9f3f-c1e16aaffe25', 35, '6', '1', 0),
	('0ab0c9f8-3eee-4e0f-9f3f-c1e16aaffe25', 36, '5', '1', 0),
	('3a1e73a2-3009-40d0-876c-b4cb2be56fc5', 37, '', '2', 6),
	('2c4c0a36-12cf-444d-9d57-de983eef4d36', 37, '', '2', 6),
	('0ab0c9f8-3eee-4e0f-9f3f-c1e16aaffe25', 37, '4', '1', 0),
	('b49ed7c1-123e-4b1d-fea6-0c6839fd9d6a', 37, '', '2', 6),
	('01b14603-8f29-4fa3-8d7e-9d523f802e0b', 37, '', '2', 6),
	('d5e07a0c-7e14-4756-9152-9fea485d654a', 37, '', '2', 6),
	('4c5c86c8-ab7f-4fcf-bc1b-5a0b1fd0691b', 37, '5', '3', 1),
	('d8c78a7e-ff99-48f3-8952-643ec2ea0f86', 37, '', '2', 6),
	('f14ea537-dd5c-4c78-9037-9a85e9e610ef', 37, '', '2', 6),
	('94f9e516-6bf6-4e30-8dde-8833c25c2560', 37, '', '2', 6),
	('0ab0c9f8-3eee-4e0f-9f3f-c1e16aaffe25', 38, '6', '1', 0),
	('3bac8a9b-f6c5-47df-a593-ece41b53f09b', 39, '', '2', 6),
	('d8c78a7e-ff99-48f3-8952-643ec2ea0f86', 39, '', '2', 6),
	('0ab0c9f8-3eee-4e0f-9f3f-c1e16aaffe25', 39, '4', '1', 0),
	('0ab0c9f8-3eee-4e0f-9f3f-c1e16aaffe25', 40, '4', '1', 0),
	('0ab0c9f8-3eee-4e0f-9f3f-c1e16aaffe25', 41, '5', '1', 0),
	('da1e5afd-d707-4af1-8935-8195ba6d769f', 42, '', '2', 12),
	('0ab0c9f8-3eee-4e0f-9f3f-c1e16aaffe25', 42, '1', '1', 0),
	('d8c78a7e-ff99-48f3-8952-643ec2ea0f86', 42, '', '2', 12),
	('0ab0c9f8-3eee-4e0f-9f3f-c1e16aaffe25', 43, '4', '1', 0),
	('556265b0-8757-11de-8a39-0800200c9a66', 43, '', '2', 6),
	('94f9e516-6bf6-4e30-8dde-8833c25c2560', 43, '', '2', 6),
	('d92c5d6b-ff10-4087-36a2-1cfc464cb967', 43, '', '2', 6),
	('d8c78a7e-ff99-48f3-8952-643ec2ea0f86', 43, '', '2', 6),
	('f85a48d0-0407-4c50-b0fa-7673a160bf01', 43, '', '2', 6),
	('b49ed7c1-123e-4b1d-fea6-0c6839fd9d6a', 43, '', '2', 0),
	('d92c5d6b-ff10-4087-36a2-1cfc464cb967', 44, '', '2', 6),
	('116464ce-cfd8-4b9f-8b5a-3a114b6ff2b1', 44, '', '2', 6),
	('0ab0c9f8-3eee-4e0f-9f3f-c1e16aaffe25', 44, '', '1', 0),
	('da1e5afd-d707-4af1-8935-8195ba6d769f', 45, '', '2', 6),
	('0ab0c9f8-3eee-4e0f-9f3f-c1e16aaffe25', 45, '4', '1', 0),
	('fafa4cf1-99c2-43d5-73ad-51f256de3be0', 45, '', '2', 6),
	('556265b0-8757-11de-8a39-0800200c9a66', 46, '', '2', 6),
	('0ab0c9f8-3eee-4e0f-9f3f-c1e16aaffe25', 46, '5', '1', 0),
	('d5e07a0c-7e14-4756-9152-9fea485d654a', 47, '', '2', 13),
	('a24fd39c-34a7-4de2-9439-781e612189ca', 47, '', '2', 6),
	('073201aa-556d-4a70-918e-84e9616fd88d', 47, '', '2', 0),
	('0ab0c9f8-3eee-4e0f-9f3f-c1e16aaffe25', 47, '4', '1', 0),
	('313ccc9f-7b3e-4e42-b5d8-0e27c3c72d8e', 47, '', '2', 0),
	('f96236b4-b357-4426-ab70-f3bf99388366', 47, '', '2', 0),
	('442a09ee-e7de-4d53-a32e-07c7530cdede', 47, '', '2', 0),
	('0ab0c9f8-3eee-4e0f-9f3f-c1e16aaffe25', 48, '', '1', 0),
	('116464ce-cfd8-4b9f-8b5a-3a114b6ff2b1', 49, '', '2', 6),
	('da1e5afd-d707-4af1-8935-8195ba6d769f', 49, '5', '1', 12),
	('0ab0c9f8-3eee-4e0f-9f3f-c1e16aaffe25', 49, '4', '1', 0),
	('d92c5d6b-ff10-4087-36a2-1cfc464cb967', 49, '', '2', 6),
	('0ab0c9f8-3eee-4e0f-9f3f-c1e16aaffe25', 50, '4', '1', 0),
	('950ba94e-a7af-4034-943f-e0df5679d998', 51, '', '2', 6),
	('0ab0c9f8-3eee-4e0f-9f3f-c1e16aaffe25', 51, '4', '1', 0),
	('0ab0c9f8-3eee-4e0f-9f3f-c1e16aaffe25', 52, '5', '1', 0),
	('0ab0c9f8-3eee-4e0f-9f3f-c1e16aaffe25', 53, '5', '1', 0),
	('0ab0c9f8-3eee-4e0f-9f3f-c1e16aaffe25', 54, '4', '1', 0),
	('0ab0c9f8-3eee-4e0f-9f3f-c1e16aaffe25', 55, '4', '1', 0),
	('d8c78a7e-ff99-48f3-8952-643ec2ea0f86', 55, '', '2', 6),
	('0ab0c9f8-3eee-4e0f-9f3f-c1e16aaffe25', 56, '1', '1', 0),
	('8e701d71-1dcb-4b84-bada-84e4f04f5e62', 57, '', '2', 6),
	('2c4c0a36-12cf-444d-9d57-de983eef4d36', 57, '', '2', 6),
	('0ab0c9f8-3eee-4e0f-9f3f-c1e16aaffe25', 57, '4', '1', 0),
	('556265b0-8757-11de-8a39-0800200c9a66', 57, '', '2', 6),
	('7c692ed5-959e-4c48-aeec-0799d8979693', 57, '', '2', 7),
	('2c4c0a36-12cf-444d-9d57-de983eef4d36', 58, '', '2', 6),
	('0ab0c9f8-3eee-4e0f-9f3f-c1e16aaffe25', 58, '4', '1', 0),
	('e8808230-2c44-44c6-8cab-8f29b6b34051', 58, '', '2', 6),
	('13bb8267-1cab-43e5-acae-55a4d957630a', 59, '', '2', 6),
	('0ab0c9f8-3eee-4e0f-9f3f-c1e16aaffe25', 59, '4', '1', 0),
	('0ab0c9f8-3eee-4e0f-9f3f-c1e16aaffe25', 60, '6', '1', 0),
	('0ab0c9f8-3eee-4e0f-9f3f-c1e16aaffe25', 61, '5', '1', 0),
	('94f9e516-6bf6-4e30-8dde-8833c25c2560', 62, '', '2', 6),
	('dfaca6f9-3277-47b2-319d-1377917cb54c', 62, '', '2', 6),
	('d8c78a7e-ff99-48f3-8952-643ec2ea0f86', 62, '', '2', 6),
	('0ab0c9f8-3eee-4e0f-9f3f-c1e16aaffe25', 62, '4', '1', 0),
	('8e701d71-1dcb-4b84-bada-84e4f04f5e62', 62, '', '2', 6),
	('556265b0-8757-11de-8a39-0800200c9a66', 62, '', '2', 6),
	('7c692ed5-959e-4c48-aeec-0799d8979693', 62, '', '2', 6),
	('0ab0c9f8-3eee-4e0f-9f3f-c1e16aaffe25', 63, '4', '1', 0),
	('dfaca6f9-3277-47b2-319d-1377917cb54c', 64, '', '2', 12),
	('d8c78a7e-ff99-48f3-8952-643ec2ea0f86', 64, '', '2', 12),
	('0ab0c9f8-3eee-4e0f-9f3f-c1e16aaffe25', 64, '4', '1', 0),
	('cc739885-e10e-4bcb-a781-c726c518f3d1', 64, '', '2', 14),
	('0ab0c9f8-3eee-4e0f-9f3f-c1e16aaffe25', 65, '4', '1', 0),
	('0ab0c9f8-3eee-4e0f-9f3f-c1e16aaffe25', 66, '4', '1', 0),
	('0ab0c9f8-3eee-4e0f-9f3f-c1e16aaffe25', 67, '6', '1', 0),
	('0ab0c9f8-3eee-4e0f-9f3f-c1e16aaffe25', 68, '4', '1', 0),
	('0ab0c9f8-3eee-4e0f-9f3f-c1e16aaffe25', 69, '6', '1', 0),
	('0ab0c9f8-3eee-4e0f-9f3f-c1e16aaffe25', 70, '4', '1', 0),
	('00c486b0-bd7b-4898-834d-8c656e5e73cb', 70, '', '2', 6),
	('0ab0c9f8-3eee-4e0f-9f3f-c1e16aaffe25', 71, '6', '1', 0),
	('0ab0c9f8-3eee-4e0f-9f3f-c1e16aaffe25', 72, '6', '1', 0),
	('0ab0c9f8-3eee-4e0f-9f3f-c1e16aaffe25', 73, '5', '1', 0),
	('0ab0c9f8-3eee-4e0f-9f3f-c1e16aaffe25', 74, '4', '1', 0),
	('da1e5afd-d707-4af1-8935-8195ba6d769f', 74, '', '2', 6),
	('d8c78a7e-ff99-48f3-8952-643ec2ea0f86', 74, '', '2', 6),
	('0ab0c9f8-3eee-4e0f-9f3f-c1e16aaffe25', 75, '4', '1', 0),
	('0ab0c9f8-3eee-4e0f-9f3f-c1e16aaffe25', 76, '4', '1', 0),
	('073201aa-556d-4a70-918e-84e9616fd88d', 76, '', '2', 6),
	('d92c5d6b-ff10-4087-36a2-1cfc464cb967', 76, '', '2', 6),
	('7c692ed5-959e-4c48-aeec-0799d8979693', 77, '', '2', 6),
	('0ab0c9f8-3eee-4e0f-9f3f-c1e16aaffe25', 77, '6', '1', 0),
	('0ab0c9f8-3eee-4e0f-9f3f-c1e16aaffe25', 78, '5', '1', 0),
	('0ab0c9f8-3eee-4e0f-9f3f-c1e16aaffe25', 79, '1', '1', 0),
	('d8c78a7e-ff99-48f3-8952-643ec2ea0f86', 79, '', '2', 6),
	('da1e5afd-d707-4af1-8935-8195ba6d769f', 79, '', '2', 6),
	('0ab0c9f8-3eee-4e0f-9f3f-c1e16aaffe25', 80, '4', '1', 0),
	('94f9e516-6bf6-4e30-8dde-8833c25c2560', 80, '', '2', 6),
	('d8c78a7e-ff99-48f3-8952-643ec2ea0f86', 80, '', '2', 6),
	('0ab0c9f8-3eee-4e0f-9f3f-c1e16aaffe25', 81, '1', '1', 0),
	('116464ce-cfd8-4b9f-8b5a-3a114b6ff2b1', 81, '', '2', 6),
	('4eeb5f6a-593f-4a9e-9692-adefa2caf8fc', 81, '', '2', 6),
	('556265b0-8757-11de-8a39-0800200c9a66', 81, '', '2', 6),
	('8e701d71-1dcb-4b84-bada-84e4f04f5e62', 81, '', '2', 6),
	('d8c78a7e-ff99-48f3-8952-643ec2ea0f86', 81, '', '2', 6),
	('7c692ed5-959e-4c48-aeec-0799d8979693', 81, '', '2', 6),
	('3a1e73a2-3009-40d0-876c-b4cb2be56fc5', 82, '', '2', 6),
	('d38d65c1-25bf-401d-9c7e-a2c3222da8af', 82, '', '2', 6),
	('0ab0c9f8-3eee-4e0f-9f3f-c1e16aaffe25', 82, '4', '1', 0),
	('f0f5a107-1236-8e1a-815d-dec8007c2bc9', 82, '', '2', 6),
	('f59d0c04-9c66-4d53-a0e1-cb55570deb62', 83, '', '2', 6),
	('0ab0c9f8-3eee-4e0f-9f3f-c1e16aaffe25', 83, '4', '1', 0),
	('0ab0c9f8-3eee-4e0f-9f3f-c1e16aaffe25', 84, '5', '1', 0),
	('0ab0c9f8-3eee-4e0f-9f3f-c1e16aaffe25', 85, '1', '1', 0),
	('0ab0c9f8-3eee-4e0f-9f3f-c1e16aaffe25', 86, '4', '1', 0),
	('ce1a4b9d-3127-4416-8bf2-fee5899fc0ba', 86, '', '2', 6),
	('542f22e8-dad2-47a8-93b6-30936715d73b', 86, '', '2', 6),
	('0ab0c9f8-3eee-4e0f-9f3f-c1e16aaffe25', 87, '6', '1', 0),
	('0ab0c9f8-3eee-4e0f-9f3f-c1e16aaffe25', 88, '4', '1', 0),
	('da1e5afd-d707-4af1-8935-8195ba6d769f', 88, '', '2', 6),
	('d8c78a7e-ff99-48f3-8952-643ec2ea0f86', 88, '', '2', 6),
	('0ab0c9f8-3eee-4e0f-9f3f-c1e16aaffe25', 89, '', '2', 6),
	('0ab0c9f8-3eee-4e0f-9f3f-c1e16aaffe25', 90, '', '1', 6),
	('d8c78a7e-ff99-48f3-8952-643ec2ea0f86', 91, '', '2', 6),
	('67300ca3-8c53-4ce4-8e86-2c03be1f9b8a', 91, '', '2', 6),
	('b49ed7c1-123e-4b1d-fea6-0c6839fd9d6a', 91, '', '2', 6),
	('0ab0c9f8-3eee-4e0f-9f3f-c1e16aaffe25', 91, '5', '1', 0),
	('0ab0c9f8-3eee-4e0f-9f3f-c1e16aaffe25', 92, '4', '1', 0),
	('0ab0c9f8-3eee-4e0f-9f3f-c1e16aaffe25', 93, '4', '1', 0),
	('d8c78a7e-ff99-48f3-8952-643ec2ea0f86', 93, '', '2', 6),
	('7e2644e6-36c5-4988-8e52-bec90e2cd2f0', 93, '', '2', 6),
	('94f9e516-6bf6-4e30-8dde-8833c25c2560', 93, '', '2', 6),
	('21628112-0c47-11df-95b3-498d55d89593', 93, '', '2', 6),
	('67300ca3-8c53-4ce4-8e86-2c03be1f9b8a', 93, '', '2', 6),
	('542f22e8-dad2-47a8-93b6-30936715d73b', 93, '', '2', 6),
	('2bfd2bd5-d044-4363-9dde-f63182fa2eea', 93, '', '2', 6),
	('8e701d71-1dcb-4b84-bada-84e4f04f5e62', 94, '', '2', 6),
	('67300ca3-8c53-4ce4-8e86-2c03be1f9b8a', 94, '', '2', 6),
	('073201aa-556d-4a70-918e-84e9616fd88d', 94, '', '2', 6),
	('3bac8a9b-f6c5-47df-a593-ece41b53f09b', 94, '', '2', 6),
	('dfaca6f9-3277-47b2-319d-1377917cb54c', 94, '', '2', 6),
	('0ab0c9f8-3eee-4e0f-9f3f-c1e16aaffe25', 94, '4', '1', 0),
	('d8c78a7e-ff99-48f3-8952-643ec2ea0f86', 94, '', '2', 6),
	('0ab0c9f8-3eee-4e0f-9f3f-c1e16aaffe25', 95, '5', '1', 0),
	('0ab0c9f8-3eee-4e0f-9f3f-c1e16aaffe25', 96, '6', '1', 0),
	('0ab0c9f8-3eee-4e0f-9f3f-c1e16aaffe25', 97, '', '1', 6),
	('0ab0c9f8-3eee-4e0f-9f3f-c1e16aaffe25', 98, '4', '1', 0),
	('3bac8a9b-f6c5-47df-a593-ece41b53f09b', 99, '', '2', 6),
	('c1b12354-9409-4e76-bcdc-024c190d6583', 99, '', '2', 6),
	('0ab0c9f8-3eee-4e0f-9f3f-c1e16aaffe25', 99, '4', '1', 0),
	('073201aa-556d-4a70-918e-84e9616fd88d', 99, '', '2', 6),
	('d8c78a7e-ff99-48f3-8952-643ec2ea0f86', 99, '4', '1', 12),
	('da1e5afd-d707-4af1-8935-8195ba6d769f', 99, '', '2', 6),
	('0ab0c9f8-3eee-4e0f-9f3f-c1e16aaffe25', 100, '4', '1', 0),
	('0ab0c9f8-3eee-4e0f-9f3f-c1e16aaffe25', 101, '4', '1', 0),
	('d8c78a7e-ff99-48f3-8952-643ec2ea0f86', 101, '', '2', 12),
	('94f9e516-6bf6-4e30-8dde-8833c25c2560', 101, '', '2', 12),
	('0ab0c9f8-3eee-4e0f-9f3f-c1e16aaffe25', 102, '4', '1', 0),
	('0ab0c9f8-3eee-4e0f-9f3f-c1e16aaffe25', 103, '1', '1', 0),
	('67300ca3-8c53-4ce4-8e86-2c03be1f9b8a', 103, '', '2', 12),
	('dfaca6f9-3277-47b2-319d-1377917cb54c', 103, '', '2', 12),
	('94f9e516-6bf6-4e30-8dde-8833c25c2560', 103, '', '2', 0),
	('d8c78a7e-ff99-48f3-8952-643ec2ea0f86', 103, '', '2', 12),
	('0ab0c9f8-3eee-4e0f-9f3f-c1e16aaffe25', 104, '5', '1', 0),
	('fafa4cf1-99c2-43d5-73ad-51f256de3be0', 105, '', '2', 12),
	('0ab0c9f8-3eee-4e0f-9f3f-c1e16aaffe25', 105, '4', '1', 0),
	('d8c78a7e-ff99-48f3-8952-643ec2ea0f86', 105, '', '2', 12),
	('0ab0c9f8-3eee-4e0f-9f3f-c1e16aaffe25', 106, '4', '1', 0),
	('0ab0c9f8-3eee-4e0f-9f3f-c1e16aaffe25', 107, '', '1', 0),
	('0ab0c9f8-3eee-4e0f-9f3f-c1e16aaffe25', 108, '4', '1', 0),
	('d8c78a7e-ff99-48f3-8952-643ec2ea0f86', 109, '', '2', 6),
	('d92c5d6b-ff10-4087-36a2-1cfc464cb967', 109, '', '2', 6),
	('2c4c0a36-12cf-444d-9d57-de983eef4d36', 109, '', '2', 6),
	('3bac8a9b-f6c5-47df-a593-ece41b53f09b', 109, '', '2', 6),
	('0ab0c9f8-3eee-4e0f-9f3f-c1e16aaffe25', 109, '4', '1', 0),
	('5be7bb0a-dddb-4cb4-bf89-a8fafb726c83', 109, '', '2', 6),
	('6ec3129b-c53b-4bdb-913d-a2d0060fa140', 109, '', '2', 6),
	('8c166755-7711-4df9-d689-8836a1a70885', 109, '', '2', 6),
	('073201aa-556d-4a70-918e-84e9616fd88d', 109, '', '2', 6),
	('0ab0c9f8-3eee-4e0f-9f3f-c1e16aaffe25', 110, '6', '1', 0),
	('0ab0c9f8-3eee-4e0f-9f3f-c1e16aaffe25', 111, '5', '1', 0),
	('0ab0c9f8-3eee-4e0f-9f3f-c1e16aaffe25', 112, '5', '1', 0),
	('0ab0c9f8-3eee-4e0f-9f3f-c1e16aaffe25', 113, '4', '1', 0),
	('0ab0c9f8-3eee-4e0f-9f3f-c1e16aaffe25', 114, '', '1', 6),
	('d8c78a7e-ff99-48f3-8952-643ec2ea0f86', 115, '', '2', 6),
	('1cd3d47b-025f-4705-9daf-cf07725ec223', 115, '', '2', 6),
	('0ab0c9f8-3eee-4e0f-9f3f-c1e16aaffe25', 115, '6', '1', 0),
	('d8c78a7e-ff99-48f3-8952-643ec2ea0f86', 116, '', '2', 6),
	('0ab0c9f8-3eee-4e0f-9f3f-c1e16aaffe25', 116, '4', '1', 0),
	('94f9e516-6bf6-4e30-8dde-8833c25c2560', 117, '', '2', 12),
	('3a1e73a2-3009-40d0-876c-b4cb2be56fc5', 117, '', '2', 13),
	('3acf6751-827d-11e2-9e96-0800200c9a66', 117, '', '2', 0),
	('0ab0c9f8-3eee-4e0f-9f3f-c1e16aaffe25', 117, '4', '1', 0),
	('67300ca3-8c53-4ce4-8e86-2c03be1f9b8a', 117, '', '2', 12),
	('45cc673a-e125-4d76-8013-89a089eb0ae9', 117, '', '2', 0),
	('f59d0c04-9c66-4d53-a0e1-cb55570deb62', 117, '', '2', 0),
	('d8c78a7e-ff99-48f3-8952-643ec2ea0f86', 117, '', '2', 12),
	('d5e07a0c-7e14-4756-9152-9fea485d654a', 117, '', '2', 13),
	('2c4c0a36-12cf-444d-9d57-de983eef4d36', 117, '', '2', 0),
	('65356126-cb6b-4652-8455-a58dd8f274b3', 117, '', '2', 0),
	('7c692ed5-959e-4c48-aeec-0799d8979693', 118, '', '2', 6),
	('481eec00-9abf-11dd-b71c-0002a5d5c51b', 118, '', '2', 6),
	('1cd3d47b-025f-4705-9daf-cf07725ec223', 118, '4', '1', 12),
	('0ab0c9f8-3eee-4e0f-9f3f-c1e16aaffe25', 118, '4', '1', 0),
	('2a2eee86-273e-4718-8f78-34f15e193040', 118, '', '2', 6),
	('0ab0c9f8-3eee-4e0f-9f3f-c1e16aaffe25', 119, '5', '1', 0),
	('d92c5d6b-ff10-4087-36a2-1cfc464cb967', 120, '', '2', 12),
	('d8c78a7e-ff99-48f3-8952-643ec2ea0f86', 120, '', '2', 12),
	('073201aa-556d-4a70-918e-84e9616fd88d', 120, '', '2', 0),
	('5be7bb0a-dddb-4cb4-bf89-a8fafb726c83', 120, '', '2', 0),
	('3bac8a9b-f6c5-47df-a593-ece41b53f09b', 120, '', '2', 12),
	('0ab0c9f8-3eee-4e0f-9f3f-c1e16aaffe25', 120, '4', '1', 0),
	('8c166755-7711-4df9-d689-8836a1a70885', 120, '', '2', 0),
	('dfaca6f9-3277-47b2-319d-1377917cb54c', 120, '', '2', 12),
	('2c4c0a36-12cf-444d-9d57-de983eef4d36', 120, '', '2', 0),
	('0ab0c9f8-3eee-4e0f-9f3f-c1e16aaffe25', 121, '4', '1', 0),
	('f96cfd69-da34-41ee-90a9-610a4655cd1c', 122, '', '2', 6),
	('c9561d96-124d-48ca-982f-0aa1575bff36', 122, '', '2', 6),
	('d91934a0-902e-c26c-23ca-d5accc4151b6', 122, '', '2', 6),
	('d8c78a7e-ff99-48f3-8952-643ec2ea0f86', 122, '', '2', 6),
	('ac8a0f7b-9f69-4495-abbc-3a47cd75a859', 122, '', '2', 6),
	('45cc673a-e125-4d76-8013-89a089eb0ae9', 122, '', '2', 6),
	('7e2644e6-36c5-4988-8e52-bec90e2cd2f0', 122, '', '2', 6),
	('0ab0c9f8-3eee-4e0f-9f3f-c1e16aaffe25', 122, '4', '1', 0),
	('0ab0c9f8-3eee-4e0f-9f3f-c1e16aaffe25', 123, '5', '1', 0),
	('0ab0c9f8-3eee-4e0f-9f3f-c1e16aaffe25', 124, '4', '1', 0),
	('d8c78a7e-ff99-48f3-8952-643ec2ea0f86', 124, '', '2', 12),
	('0ab0c9f8-3eee-4e0f-9f3f-c1e16aaffe25', 125, '5', '1', 0),
	('0ab0c9f8-3eee-4e0f-9f3f-c1e16aaffe25', 126, '5', '1', 0),
	('0ab0c9f8-3eee-4e0f-9f3f-c1e16aaffe25', 127, '4', '1', 0),
	('1cd3d47b-025f-4705-9daf-cf07725ec223', 128, '', '2', 6),
	('167c6ad9-1a71-4661-9087-3bca19d075fe', 128, '', '2', 6),
	('0ab0c9f8-3eee-4e0f-9f3f-c1e16aaffe25', 128, '4', '1', 0),
	('afb16e94-03bf-4ea2-b2fe-e65f274e55a9', 128, '', '2', 6),
	('d8c78a7e-ff99-48f3-8952-643ec2ea0f86', 128, '', '2', 6),
	('0ab0c9f8-3eee-4e0f-9f3f-c1e16aaffe25', 129, '4', '1', 0),
	('0ab0c9f8-3eee-4e0f-9f3f-c1e16aaffe25', 130, '5', '1', 0),
	('0ab0c9f8-3eee-4e0f-9f3f-c1e16aaffe25', 131, '4', '1', 0),
	('0ab0c9f8-3eee-4e0f-9f3f-c1e16aaffe25', 132, '1', '1', 0),
	('2c4c0a36-12cf-444d-9d57-de983eef4d36', 133, '', '2', 6),
	('0ab0c9f8-3eee-4e0f-9f3f-c1e16aaffe25', 133, '5', '1', 0),
	('d85c7e20-4e1d-43cd-a64b-ced3bda70eed', 133, '', '2', 6),
	('d92c5d6b-ff10-4087-36a2-1cfc464cb967', 133, '', '2', 6),
	('556265b0-8757-11de-8a39-0800200c9a66', 133, '', '2', 6),
	('0ab0c9f8-3eee-4e0f-9f3f-c1e16aaffe25', 134, '4', '1', 0),
	('d8c78a7e-ff99-48f3-8952-643ec2ea0f86', 134, '', '2', 6),
	('5500be0f-8b29-450c-9857-755029965157', 134, '', '2', 6),
	('dfaca6f9-3277-47b2-319d-1377917cb54c', 134, '', '2', 6),
	('0ab0c9f8-3eee-4e0f-9f3f-c1e16aaffe25', 135, '4', '1', 0),
	('0ab0c9f8-3eee-4e0f-9f3f-c1e16aaffe25', 136, '1', '1', 0),
	('0ab0c9f8-3eee-4e0f-9f3f-c1e16aaffe25', 137, '4', '1', 0),
	('0ab0c9f8-3eee-4e0f-9f3f-c1e16aaffe25', 138, '4', '1', 0),
	('0ab0c9f8-3eee-4e0f-9f3f-c1e16aaffe25', 139, '4', '1', 0),
	('0ab0c9f8-3eee-4e0f-9f3f-c1e16aaffe25', 140, '', '1', 0),
	('0ab0c9f8-3eee-4e0f-9f3f-c1e16aaffe25', 141, '5', '1', 0),
	('0ab0c9f8-3eee-4e0f-9f3f-c1e16aaffe25', 142, '4', '1', 0),
	('8e701d71-1dcb-4b84-bada-84e4f04f5e62', 142, '', '2', 6),
	('d8c78a7e-ff99-48f3-8952-643ec2ea0f86', 142, '', '2', 6),
	('073201aa-556d-4a70-918e-84e9616fd88d', 142, '', '2', 6),
	('0ab0c9f8-3eee-4e0f-9f3f-c1e16aaffe25', 143, '5', '1', 0),
	('0ab0c9f8-3eee-4e0f-9f3f-c1e16aaffe25', 144, '', '1', 6),
	('0ab0c9f8-3eee-4e0f-9f3f-c1e16aaffe25', 145, '', '1', 0),
	('d8c78a7e-ff99-48f3-8952-643ec2ea0f86', 145, '', '1', 6),
	('0ab0c9f8-3eee-4e0f-9f3f-c1e16aaffe25', 146, '', '2', 6),
	('d8c78a7e-ff99-48f3-8952-643ec2ea0f86', 146, '', '1', 12),
	('1cd3d47b-025f-4705-9daf-cf07725ec223', 146, '', '1', 12),
	('0ab0c9f8-3eee-4e0f-9f3f-c1e16aaffe25', 147, '4', '1', 0),
	('0ab0c9f8-3eee-4e0f-9f3f-c1e16aaffe25', 148, '5', '1', 0),
	('0ab0c9f8-3eee-4e0f-9f3f-c1e16aaffe25', 149, '4', '1', 0),
	('0ab0c9f8-3eee-4e0f-9f3f-c1e16aaffe25', 150, '5', '1', 0),
	('d8c78a7e-ff99-48f3-8952-643ec2ea0f86', 150, '5', '1', 1);



-- terms

INSERT INTO Term (term_id, term)
VALUES 
	(0, 'Haemorrhage'),
	(1, 'Constipation'),
	(2, 'Croup infectious'),
	(3, 'Pain'),
	(4, 'Abdominal pain'),
	(5, 'Cough'),
	(6, 'Nausea'),
	(7, 'Inappropriate schedule of drug administration'),
	(8, 'Cystic fibrosis'),
	(9, 'Tongue discomfort'),
	(10, 'Pneumonia'),
	(11, 'Off label use'),
	(12, 'Restlessness'),
	(13, 'Gastrostomy'),
	(14, 'Crying'),
	(15, 'Depression'),
	(16, 'Death'),
	(17, 'Hepatomegaly'),
	(18, 'Vomiting'),
	(19, 'Dermatitis diaper'),
	(20, 'Bronchial secretion retention'),
	(21, 'Cystic fibrosis respiratory infection suppression'),
	(22, 'Psoriatic arthropathy'),
	(23, 'Respiratory tract infection bacterial'),
	(24, 'Chest pain'),
	(25, 'Disease progression'),
	(26, 'Hospitalisation'),
	(27, 'Drug dispensing error'),
	(28, 'Lower respiratory tract infection'),
	(29, 'Flatulence'),
	(30, 'Eye irritation'),
	(31, 'Lethargy'),
	(32, 'Lung infection'),
	(33, 'Prothrombin time prolonged'),
	(34, 'Complication associated with device'),
	(35, 'Pyrexia'),
	(36, 'Pseudomonas infection'),
	(37, 'Gingival pain'),
	(38, 'Malaise'),
	(39, 'Alanine aminotransferase increased'),
	(40, 'Parosmia'),
	(41, 'Pancreatitis'),
	(42, 'Condition aggravated'),
	(43, 'Abdominal discomfort'),
	(44, 'Aspartate aminotransferase increased'),
	(45, 'Pulmonary function test decreased'),
	(46, 'Myalgia'),
	(47, 'Platelet count decreased'),
	(48, 'Underdose'),
	(49, 'Upper respiratory tract infection'),
	(50, 'Tinea pedis'),
	(51, 'Arthralgia'),
	(52, 'Toothache'),
	(53, 'Vulvovaginal mycotic infection'),
	(54, 'Hepatitis'),
	(55, 'Drug interaction'),
	(56, 'Diarrhoea'),
	(57, 'Dehydration'),
	(58, 'Viral infection'),
	(59, 'Psychomotor hyperactivity'),
	(60, 'Rhinorrhoea'),
	(61, 'Gingival abscess'),
	(62, 'General physical health deterioration'),
	(63, 'Weight increased'),
	(64, 'Contusion'),
	(65, 'Paranasal sinus hypersecretion'),
	(66, 'Oropharyngeal pain'),
	(67, 'Sinus disorder'),
	(68, 'Pulmonary pain'),
	(69, 'Gastrointestinal disorder'),
	(70, 'Gastroenteritis viral'),
	(71, 'Blood pressure increased'),
	(72, 'Gastrostomy tube site complication'),
	(73, 'Memory impairment'),
	(74, 'Abdominal pain upper'),
	(75, 'Dyspnoea'),
	(76, 'Infectious mononucleosis'),
	(77, 'Infection'),
	(78, 'Productive cough'),
	(79, 'Epigastric discomfort'),
	(80, 'Blood glucose increased'),
	(81, 'Influenza'),
	(82, 'Rash'),
	(83, 'Depressed mood'),
	(84, 'Generalised oedema'),
	(85, 'Sinus congestion'),
	(86, 'Vision blurred'),
	(87, 'Cardiac disorder'),
	(88, 'Tunnel vision'),
	(89, 'Incorrect product formulation administered'),
	(90, 'Hypersensitivity'),
	(91, 'Vena cava thrombosis'),
	(92, 'Ocular hyperaemia'),
	(93, 'Haemoptysis'),
	(94, 'Fatigue'),
	(95, 'Drug ineffective'),
	(96, 'Muscle contractions involuntary'),
	(97, 'Skin discolouration'),
	(98, 'Nasopharyngitis'),
	(99, 'Nasal septal operation'),
	(100, 'Infective pulmonary exacerbation of cystic fibrosis'),
	(101, 'Polypectomy'),
	(102, 'Musculoskeletal discomfort'),
	(103, 'Uterine leiomyoma'),
	(104, 'Tendon rupture'),
	(105, 'Ligament operation'),
	(106, 'Dizziness'),
	(107, 'Nasal congestion'),
	(108, 'Oedema'),
	(109, 'Faeces discoloured'),
	(110, 'Drug dose omission'),
	(111, 'Sinusitis'),
	(112, 'Headache'),
	(113, 'Decreased appetite'),
	(114, 'Pseudomonas test positive'),
	(115, 'Dysgeusia'),
	(116, 'Sweat gland disorder'),
	(117, 'Diabetes mellitus'),
	(118, 'Photopsia'),
	(119, 'Oxygen saturation decreased');



-- reactions

INSERT INTO Reaction (patient_id, term_id, reaction_outcome)
VALUES 
	(0, 100, 6),
	(1, 10, 6),
	(2, 62, 6),
	(3, 106, 3),
	(4, 107, 1),
	(4, 65, 1),
	(4, 35, 1),
	(4, 98, 1),
	(4, 66, 1),
	(4, 85, 1),
	(5, 114, 6),
	(6, 10, 3),
	(7, 74, 1),
	(7, 4, 3),
	(8, 11, 6),
	(9, 11, 6),
	(10, 108, 6),
	(11, 115, 6),
	(12, 77, 6),
	(13, 100, 6),
	(13, 45, 6),
	(14, 42, 6),
	(15, 26, 6),
	(16, 112, 6),
	(16, 49, 6),
	(16, 67, 6),
	(16, 98, 6),
	(17, 5, 2),
	(17, 74, 1),
	(18, 116, 3),
	(19, 30, 6),
	(19, 59, 6),
	(19, 92, 6),
	(19, 14, 6),
	(20, 100, 6),
	(21, 28, 3),
	(22, 26, 6),
	(22, 36, 2),
	(22, 75, 3),
	(23, 70, 1),
	(24, 26, 3),
	(25, 21, 6),
	(26, 71, 1),
	(26, 101, 1),
	(26, 99, 1),
	(27, 22, 1),
	(27, 78, 1),
	(28, 12, 6),
	(29, 100, 1),
	(30, 112, 6),
	(31, 55, 3),
	(31, 83, 3),
	(31, 31, 3),
	(32, 77, 6),
	(33, 6, 3),
	(33, 79, 3),
	(34, 38, 1),
	(35, 62, 5),
	(36, 26, 6),
	(37, 55, 6),
	(37, 56, 1),
	(37, 86, 6),
	(37, 109, 1),
	(38, 63, 6),
	(39, 100, 1),
	(39, 93, 1),
	(40, 87, 6),
	(41, 0, 1),
	(42, 88, 3),
	(43, 77, 6),
	(44, 26, 6),
	(45, 100, 3),
	(45, 114, 3),
	(46, 56, 1),
	(46, 1, 1),
	(46, 34, 6),
	(46, 43, 6),
	(47, 15, 6),
	(47, 94, 2),
	(47, 117, 2),
	(47, 23, 1),
	(48, 4, 6),
	(49, 100, 1),
	(50, 15, 3),
	(51, 46, 6),
	(51, 38, 2),
	(51, 102, 2),
	(52, 38, 3),
	(53, 26, 3),
	(54, 50, 3),
	(55, 64, 6),
	(56, 95, 6),
	(57, 75, 1),
	(57, 24, 3),
	(57, 5, 1),
	(58, 1, 6),
	(59, 49, 3),
	(60, 80, 6),
	(60, 44, 6),
	(60, 39, 6),
	(61, 112, 6),
	(62, 100, 6),
	(62, 77, 6),
	(63, 100, 1),
	(64, 26, 6),
	(64, 100, 3),
	(65, 89, 1),
	(65, 27, 1),
	(66, 56, 3),
	(67, 16, 5),
	(68, 38, 3),
	(69, 106, 6),
	(70, 77, 6),
	(70, 100, 6),
	(71, 98, 2),
	(71, 110, 1),
	(72, 43, 1),
	(72, 6, 1),
	(73, 78, 1),
	(74, 77, 6),
	(74, 93, 6),
	(75, 38, 3),
	(76, 72, 1),
	(77, 110, 6),
	(77, 5, 6),
	(78, 26, 6),
	(79, 47, 3),
	(79, 98, 6),
	(79, 76, 3),
	(79, 17, 3),
	(79, 81, 1),
	(79, 7, 6),
	(80, 112, 6),
	(81, 100, 1),
	(82, 74, 3),
	(83, 82, 3),
	(84, 103, 3),
	(85, 45, 6),
	(85, 20, 3),
	(85, 48, 6),
	(86, 96, 3),
	(87, 25, 5),
	(88, 98, 6),
	(89, 8, 3),
	(90, 73, 6),
	(90, 106, 6),
	(90, 7, 6),
	(91, 8, 6),
	(92, 8, 6),
	(93, 77, 6),
	(94, 29, 3),
	(95, 1, 6),
	(95, 4, 6),
	(95, 46, 6),
	(95, 51, 6),
	(95, 5, 6),
	(95, 6, 6),
	(96, 93, 2),
	(96, 9, 6),
	(96, 24, 6),
	(96, 90, 6),
	(97, 113, 6),
	(97, 94, 6),
	(98, 21, 3),
	(99, 26, 3),
	(100, 52, 3),
	(100, 74, 3),
	(101, 32, 1),
	(102, 113, 1),
	(102, 2, 2),
	(103, 33, 6),
	(103, 64, 3),
	(103, 75, 6),
	(103, 93, 1),
	(103, 10, 6),
	(103, 97, 6),
	(104, 118, 6),
	(105, 74, 6),
	(106, 119, 2),
	(107, 66, 6),
	(107, 5, 6),
	(107, 107, 6),
	(108, 18, 6),
	(108, 38, 6),
	(109, 91, 6),
	(109, 100, 2),
	(109, 49, 2),
	(110, 107, 3),
	(110, 60, 3),
	(110, 66, 3),
	(110, 5, 3),
	(111, 4, 3),
	(112, 5, 6),
	(113, 19, 3),
	(114, 115, 6),
	(114, 40, 6),
	(115, 6, 3),
	(115, 18, 3),
	(115, 57, 6),
	(116, 38, 3),
	(116, 110, 1),
	(116, 26, 6),
	(117, 53, 6),
	(118, 13, 6),
	(119, 26, 3),
	(120, 77, 6),
	(120, 100, 6),
	(121, 5, 6),
	(121, 113, 6),
	(121, 56, 1),
	(121, 94, 6),
	(121, 60, 6),
	(122, 37, 1),
	(122, 61, 3),
	(123, 3, 3),
	(123, 68, 3),
	(123, 75, 3),
	(123, 38, 3),
	(123, 26, 6),
	(124, 98, 6),
	(125, 21, 6),
	(126, 26, 3),
	(127, 100, 6),
	(128, 93, 3),
	(129, 41, 2),
	(129, 84, 1),
	(129, 100, 2),
	(129, 71, 1),
	(130, 26, 3),
	(131, 26, 6),
	(132, 51, 6),
	(132, 5, 6),
	(133, 32, 3),
	(133, 74, 3),
	(134, 78, 3),
	(135, 58, 1),
	(136, 82, 6),
	(137, 104, 1),
	(138, 81, 6),
	(139, 18, 6),
	(140, 54, 6),
	(140, 41, 6),
	(141, 26, 3),
	(142, 100, 3),
	(142, 5, 3),
	(143, 63, 6),
	(144, 49, 6),
	(145, 110, 6),
	(146, 26, 6),
	(147, 82, 6),
	(148, 69, 3),
	(149, 111, 3),
	(150, 105, 6);



-- events

INSERT INTO Event (event_id, event_reportVrs, event_duplicate, event_serious, event_serDeath, event_serDisabiling, event_serHospitalization, event_serLifeThreatening, event_serOther, country_id, patient_id)
VALUES 
	('13927389', 1, 1, 1, 0, 0, 1, 0, 0, 6, 0),
	('13927480', 1, 1, 0, 0, 0, 0, 0, 0, 6, 1),
	('13927507', 1, 1, 0, 0, 0, 0, 0, 0, 6, 2),
	('13927578', 1, 1, 0, 0, 0, 0, 0, 0, 6, 3),
	('13927583', 2, 1, 0, 0, 0, 0, 0, 0, 6, 4),
	('13927598', 2, 1, 0, 0, 0, 0, 0, 0, 6, 5),
	('13930226', 3, 1, 1, 0, 0, 1, 0, 0, 6, 6),
	('13935822', 3, 1, 0, 0, 0, 0, 0, 0, 6, 7),
	('13935830', 1, 1, 0, 0, 0, 0, 0, 0, 6, 8),
	('13935890', 1, 1, 0, 0, 0, 0, 0, 0, 6, 9),
	('13935894', 1, 1, 0, 0, 0, 0, 0, 0, 6, 10),
	('13935898', 1, 1, 0, 0, 0, 0, 0, 0, 6, 11),
	('13937209', 2, 1, 1, 0, 0, 1, 0, 0, 6, 12),
	('13937858', 1, 1, 1, 0, 0, 1, 0, 0, 6, 13),
	('13940344', 1, 1, 1, 0, 1, 1, 0, 0, 6, 14),
	('13948796', 1, 1, 1, 0, 0, 1, 0, 0, 6, 15),
	('13953498', 1, 0, 0, 0, 0, 0, 0, 0, 0, 16),
	('13954444', 2, 1, 0, 0, 0, 0, 0, 0, 6, 17),
	('13954449', 1, 1, 0, 0, 0, 0, 0, 0, 6, 18),
	('13954481', 1, 1, 0, 0, 0, 0, 0, 0, 6, 19),
	('13958972', 1, 1, 1, 0, 0, 1, 0, 0, 6, 20),
	('13959079', 1, 1, 1, 0, 0, 1, 0, 0, 1, 21),
	('13961651', 3, 1, 1, 0, 0, 1, 0, 0, 6, 22),
	('13961671', 2, 1, 1, 0, 0, 1, 0, 0, 1, 23),
	('13961731', 1, 1, 1, 0, 0, 1, 0, 0, 6, 24),
	('13961739', 1, 1, 1, 0, 0, 1, 0, 0, 1, 25),
	('13961766', 2, 1, 1, 0, 0, 1, 0, 0, 6, 26),
	('13962935', 1, 1, 0, 0, 0, 0, 0, 0, 6, 27),
	('13962957', 1, 1, 0, 0, 0, 0, 0, 0, 6, 28),
	('13965243', 3, 1, 1, 0, 0, 1, 0, 0, 6, 29),
	('13968914', 1, 1, 0, 0, 0, 0, 0, 0, 6, 30),
	('13968955', 2, 1, 1, 0, 0, 1, 0, 0, 6, 31),
	('13968983', 1, 1, 0, 0, 0, 0, 0, 0, 6, 32),
	('13975959', 1, 1, 1, 0, 0, 0, 0, 1, 2, 33),
	('13977681', 2, 1, 0, 0, 0, 0, 0, 0, 6, 34),
	('13982685', 1, 1, 1, 1, 0, 0, 0, 0, 2, 35),
	('13984026', 1, 1, 1, 0, 0, 1, 0, 0, 1, 36),
	('13986256', 5, 1, 0, 0, 0, 0, 0, 0, 6, 37),
	('13989776', 1, 1, 0, 0, 0, 0, 0, 0, 6, 38),
	('13990599', 2, 1, 1, 0, 0, 1, 0, 0, 6, 39),
	('13993759', 1, 1, 1, 0, 0, 0, 0, 1, 6, 40),
	('14007491', 1, 1, 1, 0, 0, 0, 0, 1, 3, 41),
	('14007598', 2, 1, 1, 0, 0, 0, 0, 1, 6, 42),
	('14008031', 1, 1, 0, 0, 0, 0, 0, 0, 6, 43),
	('14014770', 1, 0, 1, 0, 0, 1, 0, 0, 0, 44),
	('14017297', 2, 1, 1, 0, 0, 1, 0, 0, 6, 45),
	('14019204', 2, 1, 0, 0, 0, 0, 0, 0, 6, 46),
	('14019208', 2, 1, 1, 0, 0, 1, 0, 0, 6, 47),
	('14022180', 1, 0, 0, 0, 0, 0, 0, 0, 0, 48),
	('14024480', 4, 1, 1, 0, 0, 1, 0, 0, 6, 49),
	('14027835', 1, 1, 0, 0, 0, 0, 0, 0, 6, 50),
	('14027885', 4, 1, 0, 0, 0, 0, 0, 0, 6, 51),
	('14034410', 1, 1, 1, 0, 0, 0, 0, 1, 4, 52),
	('14034440', 1, 1, 1, 0, 0, 1, 0, 0, 1, 53),
	('14038403', 1, 1, 0, 0, 0, 0, 0, 0, 6, 54),
	('14038431', 1, 1, 0, 0, 0, 0, 0, 0, 6, 55),
	('14038478', 3, 1, 0, 0, 0, 0, 0, 0, 6, 56),
	('14048148', 4, 1, 0, 0, 0, 0, 0, 0, 6, 57),
	('14048162', 1, 1, 0, 0, 0, 0, 0, 0, 6, 58),
	('14048167', 1, 1, 0, 0, 0, 0, 0, 0, 6, 59),
	('14053669', 1, 1, 0, 0, 0, 0, 0, 0, 6, 60),
	('14053685', 1, 1, 0, 0, 0, 0, 0, 0, 6, 61),
	('14074196', 4, 1, 1, 0, 0, 1, 0, 0, 6, 62),
	('14078250', 2, 1, 1, 0, 0, 1, 0, 0, 1, 63),
	('14078497', 1, 1, 1, 0, 0, 1, 0, 0, 6, 64),
	('14078627', 1, 1, 0, 0, 0, 0, 0, 0, 6, 65),
	('14078633', 2, 1, 0, 0, 0, 0, 0, 0, 6, 66),
	('14079645', 1, 1, 1, 1, 0, 0, 0, 0, 1, 67),
	('14082274', 1, 1, 1, 0, 0, 1, 0, 0, 6, 68),
	('14082683', 1, 1, 0, 0, 0, 0, 0, 0, 6, 69),
	('14082731', 1, 1, 0, 0, 0, 0, 0, 0, 6, 70),
	('14098444', 1, 1, 0, 0, 0, 0, 0, 0, 6, 71),
	('14102039', 1, 1, 0, 0, 0, 0, 0, 0, 6, 72),
	('14102089', 1, 1, 0, 0, 0, 0, 0, 0, 6, 73),
	('14107559', 2, 1, 0, 0, 0, 0, 0, 0, 6, 74),
	('14108490', 1, 1, 1, 0, 0, 1, 0, 0, 6, 75),
	('14114908', 2, 1, 0, 0, 0, 0, 0, 0, 6, 76),
	('14114933', 2, 1, 0, 0, 0, 0, 0, 0, 6, 77),
	('14116107', 1, 1, 1, 0, 0, 1, 0, 0, 1, 78),
	('14124204', 4, 1, 0, 0, 0, 0, 0, 0, 6, 79),
	('14128607', 3, 1, 0, 0, 0, 0, 0, 0, 6, 80),
	('14128617', 4, 1, 1, 0, 0, 1, 0, 0, 6, 81),
	('14128632', 2, 1, 0, 0, 0, 0, 0, 0, 6, 82),
	('14128645', 2, 1, 0, 0, 0, 0, 0, 0, 6, 83),
	('14133349', 1, 1, 1, 0, 0, 0, 0, 1, 1, 84),
	('14134775', 2, 1, 1, 0, 0, 1, 0, 0, 6, 85),
	('14134899', 2, 1, 0, 0, 0, 0, 0, 0, 6, 86),
	('14137055', 1, 1, 1, 1, 0, 0, 0, 0, 4, 87),
	('14141362', 1, 1, 0, 0, 0, 0, 0, 0, 6, 88),
	('14143257', 1, 1, 1, 0, 0, 0, 0, 1, 6, 89),
	('14144185', 1, 0, 0, 0, 0, 0, 0, 0, 0, 90),
	('14144774', 1, 1, 0, 0, 0, 0, 0, 0, 6, 91),
	('14146088', 1, 1, 1, 0, 0, 1, 0, 0, 6, 92),
	('14149579', 1, 1, 0, 0, 0, 0, 0, 0, 6, 93),
	('14152212', 3, 1, 0, 0, 0, 0, 0, 0, 6, 94),
	('14152336', 1, 1, 0, 0, 0, 0, 0, 0, 6, 95),
	('14154596', 2, 1, 1, 0, 0, 0, 0, 1, 6, 96),
	('14157062', 1, 0, 0, 0, 0, 0, 0, 0, 0, 97),
	('14161040', 1, 1, 1, 0, 0, 1, 0, 0, 6, 98),
	('14161044', 1, 1, 1, 0, 0, 1, 0, 0, 6, 99),
	('14161355', 1, 1, 0, 0, 0, 0, 0, 0, 6, 100),
	('14162723', 2, 1, 1, 0, 0, 1, 0, 0, 6, 101),
	('14163028', 2, 1, 1, 0, 0, 1, 0, 0, 6, 102),
	('14163426', 4, 1, 1, 0, 0, 1, 0, 0, 6, 103),
	('14164846', 1, 1, 0, 0, 0, 0, 0, 0, 6, 104),
	('14164854', 1, 1, 0, 0, 0, 0, 0, 0, 6, 105),
	('14166536', 1, 1, 0, 0, 0, 0, 0, 0, 6, 106),
	('14173055', 1, 0, 0, 0, 0, 0, 0, 0, 0, 107),
	('14174483', 1, 1, 0, 0, 0, 0, 0, 0, 6, 108),
	('14174915', 2, 1, 1, 0, 0, 1, 0, 0, 6, 109),
	('14185413', 1, 1, 0, 0, 0, 0, 0, 0, 6, 110),
	('14185418', 1, 1, 0, 0, 0, 0, 0, 0, 6, 111),
	('14191313', 1, 1, 1, 0, 0, 1, 0, 0, 1, 112),
	('14194652', 2, 1, 0, 0, 0, 0, 0, 0, 6, 113),
	('14194870', 1, 0, 0, 0, 0, 0, 0, 0, 0, 114),
	('14201811', 1, 1, 1, 0, 0, 1, 0, 0, 6, 115),
	('14204953', 2, 1, 1, 0, 0, 1, 0, 0, 6, 116),
	('14215987', 2, 1, 0, 0, 0, 0, 0, 0, 6, 117),
	('14233410', 2, 1, 0, 0, 0, 0, 0, 0, 6, 118),
	('14236147', 1, 1, 1, 0, 0, 1, 0, 0, 1, 119),
	('14240842', 1, 1, 1, 0, 0, 1, 0, 0, 6, 120),
	('14240966', 1, 1, 0, 0, 0, 0, 0, 0, 6, 121),
	('14243026', 1, 1, 0, 0, 0, 0, 0, 0, 6, 122),
	('14244036', 1, 1, 1, 0, 0, 1, 0, 0, 1, 123),
	('14247216', 1, 1, 0, 0, 0, 0, 0, 0, 6, 124),
	('14254426', 1, 1, 1, 0, 0, 1, 0, 0, 1, 125),
	('14259752', 1, 1, 1, 0, 0, 1, 0, 0, 1, 126),
	('14259769', 1, 1, 1, 0, 0, 1, 0, 0, 6, 127),
	('14259847', 2, 1, 1, 0, 0, 1, 0, 0, 6, 128),
	('14263908', 1, 1, 1, 0, 0, 1, 0, 0, 6, 129),
	('14263913', 1, 1, 1, 0, 0, 1, 0, 0, 6, 130),
	('14263945', 1, 1, 1, 0, 0, 1, 0, 0, 6, 131),
	('14268375', 1, 1, 0, 0, 0, 0, 0, 0, 6, 132),
	('14279114', 2, 1, 1, 0, 0, 1, 0, 0, 6, 133),
	('14284884', 2, 1, 0, 0, 0, 0, 0, 0, 6, 134),
	('14288850', 1, 1, 0, 0, 0, 0, 0, 0, 6, 135),
	('14290165', 1, 1, 0, 0, 0, 0, 0, 0, 6, 136),
	('14291182', 1, 1, 1, 0, 0, 1, 0, 0, 5, 137),
	('14302781', 1, 1, 0, 0, 0, 0, 0, 0, 6, 138),
	('14312714', 1, 1, 0, 0, 0, 0, 0, 0, 6, 139),
	('14313238', 1, 0, 1, 0, 0, 1, 0, 0, 6, 140),
	('14315066', 1, 1, 1, 0, 0, 1, 0, 0, 1, 141),
	('14315390', 2, 1, 1, 0, 0, 1, 0, 0, 6, 142),
	('14317510', 1, 1, 0, 0, 0, 0, 0, 0, 6, 143),
	('14324328', 1, 0, 0, 0, 0, 0, 0, 0, 6, 144),
	('14326635', 1, 0, 1, 0, 0, 1, 0, 0, 6, 145),
	('14326865', 1, 0, 0, 0, 0, 0, 0, 0, 6, 146),
	('14336064', 1, 1, 0, 0, 0, 0, 0, 0, 6, 147),
	('14336128', 1, 1, 0, 0, 0, 0, 0, 0, 6, 148),
	('14336180', 1, 1, 0, 0, 0, 0, 0, 0, 6, 149),
	('14336501', 1, 1, 1, 0, 0, 1, 0, 0, 6, 150);


